urgency,subject
0,Typo in /debian/README
1,[R] Confidence-Intervals.... help...
0,Re: [R] Confidence-Intervals.... help...
1,Re: Broken ACPI with kernel 2.6.18-4-686 in HP nx6110 laptop
0,[R] Failure of mcsamp() but not mcmcsamp()
0,Your daily e-mail from the BBC
0,CNN Alerts: bush
0,AccuWeather.com Alert(tm) Forecast For User|AVCAVC
0,AccuWeather.com Alert(tm) Forecast For User|AVCCVA
0,[perl #42349] [TODO] dotnet - fix various ops for 64 bit architectures 
0,[perl #42350] [TODO] fix kludge in find_type op 
0,[perl #42352] [TODO] fix or remove strange TODO item in hash() op 
0,[perl #42353] [TODO] perform a dynamic lookup if needed in pic_infix__() op 
0,[perl #42354] [TODO] preserve type system in pic_inline_sub__() op 
0,[perl #42355] [TODO] use ARG_MAX in pic_callr__() op 
0,Re: errors when reinstalling kernel-2.6.19 on fedora core 6
0,[perl #42356] [TODO] verify $1 didn't change in pic_callr__() op 
0,Re: [R] Reasons to Use R
0,[sugar] A place to point new developers
1,Re: libsmbclient access to Vista shares
0,Re: [R] Reasons to Use R
1,svn commit: samba r22132 - in branches: SAMBA_3_0/source/modules 	SAMBA_3_0/source/smbd SAMBA_3_0_25/source/modules 	SAMBA_3_0_25/source/smbd
1,Slow Mouse Cursor
0,News Summary
1,[R] [Fwd: Re:  regular expression]
0,Your RefWorks Login Information
1,[R] How do I back transforme ordinary log-krigged prdiction values?
1,Re: [perl #42339] [CAGE] Test Valid and Invalid Parrot Flags
0,CNN Alerts: bush
1,Re: svn commit: samba r22132 - in branches: 	SAMBA_3_0/source/modules SAMBA_3_0/source/smbd 	SAMBA_3_0_25/source/modules SAMBA_3_0_25/source/smbd
0,Re: svn commit: samba r22132 - in branches: 	SAMBA_3_0/source/modules SAMBA_3_0/source/smbd 	SAMBA_3_0_25/source/modules SAMBA_3_0_25/source/smbd
0,[R] Plot symbols dimensions
0,=?iso-8859-1?Q?Today's_WeatherDirect_Forecast_for_Waterloo?=
0,FNC Alert
0,[perl #42359] [PATCH] Assorted cleanups - part III (Intel C++) 
0,CNN Breaking News
0,Re: svn commit: samba r22132 - in branches: 	SAMBA_3_0/source/modules SAMBA_3_0/source/smbd 	SAMBA_3_0_25/source/modules SAMBA_3_0_25/source/smbd
0,Re: svn commit: samba r22132 - in branches: 	SAMBA_3_0/source/modules SAMBA_3_0/source/smbd 	SAMBA_3_0_25/source/modules SAMBA_3_0_25/source/smbd
0,Re: svn commit: samba r22132 - in branches: 	SAMBA_3_0/source/modules SAMBA_3_0/source/smbd 	SAMBA_3_0_25/source/modules SAMBA_3_0_25/source/smbd
0,Re: svn commit: samba r22132 - in branches: 	SAMBA_3_0/source/modules SAMBA_3_0/source/smbd 	SAMBA_3_0_25/source/modules SAMBA_3_0_25/source/smbd
1,svn commit: samba r22133 - in branches/SAMBA_4_0: . 	source/script/tests
1,Build status as of Mon Apr  9 00:00:02 2007
0,Re: svn commit: samba r22132 - in branches: 	SAMBA_3_0/source/modules SAMBA_3_0/source/smbd 	SAMBA_3_0_25/source/modules SAMBA_3_0_25/source/smbd
1,Re: svn commit: samba r22132 - in branches: 	SAMBA_3_0/source/modules SAMBA_3_0/source/smbd 	SAMBA_3_0_25/source/modules SAMBA_3_0_25/source/smbd
0,Re: svn commit: samba r22132 - in branches: 	SAMBA_3_0/source/modules SAMBA_3_0/source/smbd 	SAMBA_3_0_25/source/modules SAMBA_3_0_25/source/smbd
0,Re: svn commit: samba r22132 - in branches: 	SAMBA_3_0/source/modules SAMBA_3_0/source/smbd 	SAMBA_3_0_25/source/modules SAMBA_3_0_25/source/smbd
0,Re: svn commit: samba r22132 - in branches: 	SAMBA_3_0/source/modules SAMBA_3_0/source/smbd 	SAMBA_3_0_25/source/modules SAMBA_3_0_25/source/smbd
0,Re: svn commit: samba r22132 - in branches: 	SAMBA_3_0/source/modules SAMBA_3_0/source/smbd 	SAMBA_3_0_25/source/modules SAMBA_3_0_25/source/smbd
0,svn commit: samba r22134 - in branches/SAMBA_4_0: . 	source/script/tests
0,Re: [sugar] trying to run under OS X parallels
0,[perl #42359] [PATCH] Assorted cleanups - part III (Intel C++) 
0,[perl #42360] [TODO]:  Unit tests for Parrot::Revision 
0,Re: [sugar] trying to run under OS X parallels
0,Re: errors when reinstalling kernel-2.6.19 on fedora core 6
0,Re: svn commit: samba r22134 - in branches/SAMBA_4_0: . 	source/script/tests
0,Re: svn commit: samba r22134 - in branches/SAMBA_4_0: . 	source/script/tests
0,Re: svn commit: samba r22132 - in branches: 	SAMBA_3_0/source/modules SAMBA_3_0/source/smbd 	SAMBA_3_0_25/source/modules SAMBA_3_0_25/source/smbd
0,Re: svn commit: samba r22132 - in branches: 	SAMBA_3_0/source/modules SAMBA_3_0/source/smbd 	SAMBA_3_0_25/source/modules SAMBA_3_0_25/source/smbd
0,Re: svn commit: samba r22132 - in branches: 	SAMBA_3_0/source/modules SAMBA_3_0/source/smbd 	SAMBA_3_0_25/source/modules SAMBA_3_0_25/source/smbd
0,Re: svn commit: samba r22132 - in branches: 	SAMBA_3_0/source/modules SAMBA_3_0/source/smbd 	SAMBA_3_0_25/source/modules SAMBA_3_0_25/source/smbd
0,Re: [R] Reasons to Use R
0,Re: svn commit: samba r22132 - in branches: 	SAMBA_3_0/source/modules SAMBA_3_0/source/smbd 	SAMBA_3_0_25/source/modules SAMBA_3_0_25/source/smbd
1,Re: svn commit: samba r22132 - in branches: 	SAMBA_3_0/source/modules SAMBA_3_0/source/smbd 	SAMBA_3_0_25/source/modules SAMBA_3_0_25/source/smbd
0,"Re: How to ""source"" another perl-file into one"
1,[perl #42362] [TODO]:  Unit tests for modules used during configuration 
0,[R] Could not fit correct values in discriminant analysis by bruto.
1,Re: Broken ACPI with kernel 2.6.18-4-686 in HP nx6110 laptop
0,[R] Repeated Measures design using lme
0,[R] R:Maximum likelihood estimation using BHHH and BFGS
0,"April 9, 2007"
0,[R] Dealing with large nominal predictor in sem package
0,[Slashdot] Headlines for 2007-04-09
0,AccuWeather.com Alert(tm) Forecast For User|AVCAVC
0,AccuWeather.com Alert(tm) Forecast For User|AVCCVA
0,Google Alert - bush
0,[Slashdot] Stories for 2007-04-09
0,Re: [R] data encapsulation with classes
0,"[Ip-health] USTR Report on Foreign Trade Barriers, 2007"
0,[Ip-health] [korus-fta may be changed?
0,[Ip-health] Request: Sign on letter from clinicians and researchers to Abbott CEO
0,[Ip-health] Dems on data exclusivity
0,[perl #42369] [TODO] optimize pointer loading in saveall() 
0,CBS SportsLine Daily Sports Report
0,[Ip-health] Annex 2C Plus provisions in KoreaUS FTA Phrma Chapter
0,[Ip-health] The Impact of University/Biotech Licensing Agreements on Access to Medicines in the Developing World
0,[perl #42371] [TODO] check if object.can(method) in callmethodcc() op 
0,[perl #42372] [TODO] same opcode names should differ (subclass op) 
0,[perl #42373] [TODO] handle non-integer file descriptors 
0,[perl #42374] [TODO] free results from string_to_cstring() without ugly warnings 
0,[perl #42375] [TODO] make pmcinfo op official 
0,[perl #42376] [TODO] handle all ready states in add_io_event opcode 
0,[perl #42377] [TODO] clone interpreter to play into the debugger 
0,[perl #42378] [TODO] explicit exit from debug_break() op is not ok 
0,[perl #42379] [TODO] adjust register layout in debug_print() 
0,[perl #42381] [TODO] search library path for parrot bytecode when loading 
0,[R] How to solve differential and integral equation using R?
0,JSON won't make test
0,abecedarian: Dictionary.com Word of the Day
0,[perl #42382] [TODO] imcc - delete quotes and emit pbc 
0,[perl #42383] [TODO] imcc - if frame->s.file was allocated free it 
0,[perl #42384] [TODO] imcc - check that all the .file text is malloced / freed 
0,[perl #42385] [TODO] imcc - remove global variable: cur_namespace 
0,=?iso-8859-1?Q?Today's_WeatherDirect_Forecast_for_Waterloo?=
0,Officials: U.S. to take legal action against China
0,Re: [R] R:Maximum likelihood estimation using BHHH and BFGS
0,"MSN-list Digest, Vol 7, Issue 83"
0,svn commit: samba r22135 - in branches/SAMBA_3_0/source: . auth 	registry utils
0,Re: [R] how to image.plot a XY grid file into a lat-lon map
0,Re: [R] How to solve differential and integral equation using R?
0,Daily Power Report
0,Re: [R] Dealing with large nominal predictor in sem package
0,svn commit: samba r22136 - in 	branches/SAMBA_4_0/webapps/swat/source/class/swat/module/ldbbrowse: 	.
1,Re: incorrect event for ComboBox in samba4's swat.module.ldbbrowse
0,Re: [R] R 'could not find any X11 fonts'
1,Re: [perl #42371] [TODO] check if object.can(method) in callmethodcc()  op
1,svn commit: samba r22137 - in branches/SAMBA_4_0: . 	source/script/tests
0,"Rev 11811: Actually use client.conf, 	defer more code as far as possible. in 	file:///home/jelmer/bzr.samba/SAMBA_4_0/"
0,"[R] Problem installing gnomeGUI in Ubuntu: ""HAVE_ORBIT"" was never 	defined"
0,"CNN Political Ticker AM, Monday, April 9, 2007"
0,AccuWeather.com Alert(tm) Forecast For User|AVCAVC
0,AccuWeather.com Alert(tm) Forecast For User|AVCCVA
0,Power Delivery Planning/Distribution Engineering Fundamentals  April 17-20  Atlanta
0,"Re: Boot on CD, transfer to USB?"
1,Mirroring ISOs
0,Parrot Bug Summary
0,CNN Alerts: bush
0,Re: mirrors in ftp.ipv6.debian.org that are missing
0,FNC Alert
0,News Summary
0,Re: JSON won't make test
0,Outsourcing for Utilities  April 17-18 Chicago
0,Re: [R] Could not fit correct values in discriminant analysis by 	bruto.
0,CNN Alerts: bush
0,Re: [R] data encapsulation with classes
0,[R] Modified Sims test
0,Stock Notification for ONEOK Inc.
0,Stock Notification for ONEOK Inc.
0,Stock Notification for ONEOK Inc.
0,Stock Notification for ONEOK Inc.
0,Stock Notification for NTELOS Holdings Corp.
0,Stock Notification for Napster
0,"Stock Notification for Netflix, Inc."
0,"Stock Notification for Netflix, Inc."
0,"Stock Notification for Netflix, Inc."
0,"Stock Notification for Netflix, Inc."
0,Stock Notification for SatCon Technology Corporation
0,Stock Notification for SatCon Technology Corporation
0,Stock Notification for SatCon Technology Corporation
0,Stock Notification for SatCon Technology Corporation
0,Re: Parrot Bug Summary
0,=?us-ascii?Q?Verified_for_Spam_=2DRODIN=2D_I2R=3A_Problem_Accessing_Pe?= 	=?us-ascii?Q?rl_Modules_Through_=2Ehtaccess?=
0,OT: html checkbox question
0,Beginning to use the stricts and warnings
0,Re: Verified for Spam -RODIN- I2R: Problem Accessing Perl Modules Through .htaccess
0,The Internet Patrol -  Internet Hoax Leads to Woman's House Being Gutted
0,Re: [sugar] touchpad button colors
0,Re: Beginning to use the stricts and warnings
0,"Re: [R] lm() intercept at the end, rather than at the beginning"
0,Re: Beginning to use the stricts and warnings
0,Fwd: debian.blueyonder.co.uk broken
0,"CNN Alerts: bush, etc."
0,Re: [R] Generate a serie of new vars that correlate withexistingvar
0,[perl #42393] [TODO] FIXME items in languages/regex/lib/Regex/Grammar.y 
0,Re: [sugar] A place to point new developers
0,Re: Broken ACPI with kernel 2.6.18-4-686 in HP nx6110 laptop
1,RE: Problem Accessing Perl ModulesThrough .htaccess
0,Re: [R] Reasons to Use R
0,Re: [sugar] A place to point new developers
0,"The Skinny: Monday, April 9, 2007"
0,Re: Problem Accessing Perl ModulesThrough .htaccess
0,Re: Beginning to use the stricts and warnings
0,Re: [R] Reasons to Use R
0,FNC Alert
0,RE: Problem Accessing Perl ModulesThrough .htaccess
0,Re: [R] Reasons to Use R
0,Re: Mirroring ISOs
0,Re: [R] Reasons to Use R
0,"4th Annual Marketing Green Power April 19 - 20, 2007, Chicago, IL"
0,Re: OT: html checkbox question
1,Re: Fwd: debian.blueyonder.co.uk broken
0,Re: Mirroring ISOs
0,svn commit: samba r22138 - in branches/SAMBA_3_0_RELEASE: . 	examples/VFS examples/libsmbclient packaging source 	source/client source/include source/lib 	source/lib/replace/system source/libads source/librpc/ndr 	source/libsmb source/modules source/nmbd source/nsswitch 	source/passdb source/printing source/rpc_parse 	source/rpc_server source/rpcclient source/script/tests 	source/smbd source/torture source/utils
0,Re: Mirroring ISOs
0,News Summary
0,Re: [R] Rserve and R to R communication
0,svn commit: samba r22139 - in branches/SAMBA_3_0_25: .
0,Re: Problem Accessing Perl ModulesThrough .htaccess
0,"[Ip-health] Times of India editorial, IPR & Public Interest"
0,[Ip-health] Bangkok Post: Abbott shuns Aids drug talks
0,"HowStuffWorks Science & Technology Newsletter April 9, 2007"
0,Re: [sugar] A place to point new developers
0,TONIGHT ON SHOWBIZ TONIGHT- CNN HEADLINE PRIME 11pm ET/ 11pm PT
1,relevancy of saens as a member of ftp.us.d.o ?
0,CNN Alerts: bush
0,=?iso-8859-1?Q?Today's_WeatherDirect_Forecast_for_Waterloo?=
0,Re: Beginning to use the stricts and warnings
0,"The great ""class"" variable renaming"
0,Re: [R] Reasons to Use R
0,svn commit: samba r22140 - in branches/SAMBA_3_0_25/source: .
0,[R] do.call vs. lapply for lists
0,[sugar] new chat activity
0,Re: [R] Reasons to Use R
0,Re: [R] do.call vs. lapply for lists
0,[R] data in serial port... how to read
0,Re: [R] do.call vs. lapply for lists
0,svn commit: samba r22141 - in 	branches/SAMBA_3_0_RELEASE/source/modules: .
0,CBSNews.com News Alert! Police Locate Michigan Gunman
0,[R] Power for Linear Wald Test
0,"In The News: Britney Spears, Richard Gere, Johnny Hart"
0,FNC Alert
0,Re: [R] do.call vs. lapply for lists
0,Re: [R] do.call vs. lapply for lists
0,[sugar] Error starting up sugar
0,CNN Breaking News
0,"Re: [R] Problem installing gnomeGUI in Ubuntu: ""HAVE_ORBIT"" was 	never defined"
0,[R] Lagrange multiplier for ordinary kriging in gstat in R??
0,svn commit: samba r22142 - in branches/SAMBA_3_0_RELEASE: .
0,Re: [sugar] FW: Touchpad XO
0,[R] R Python Matlab
0,svn commit: samba r22143 - in branches/SAMBA_3_0_RELEASE: .
0,svn commit: samba-docs r1091 - in trunk/manpages-3: .
0,Re: [R] data in serial port... how to read
0,Re: [R] Rserve and R to R communication
0,Re: [R] Reasons to Use R
0,Your daily e-mail from the BBC
0,U.S. to file piracy complaint against China
0,Re: [R] Could not fit correct values in discriminant analysis by 	bruto.
0,"Re: Boot on CD, transfer to USB?"
0,AccuWeather.com Alert(tm) Forecast For User|AVCAVC
0,AccuWeather.com Alert(tm) Forecast For User|AVCCVA
0,Re: OT: html checkbox question
0,Could Immortality Become a Reality?
0,CNN Alerts: My Custom Alert
0,Politics E-Wire
0,Re: [R] Could not fit correct values in discriminant analysis by 	bruto.
0,Re: [R] Rserve and R to R communication
0,FOX 411
0,Sarbanes-Oxley for Utilities  April 19-20 Chicago
0,"FOXNews.com CEO News Brief - April 9, 2007"
0,svn commit: samba r22144 - in tags: .
0,svn commit: samba-docs r1092 - in tags: .
0,[R] ISwR library
0,Re: [sugar] new chat activity
0,Re: [R] ISwR library
1,Uploading 3.0.25rc1 now
0,Re: [R] Rserve and R to R communication
0,PE Today: Can We See Some I.D.?
1,jigdo and templates for businesscard and netinst?
0,320p 4/9 Update: Soyuz docks with station
0,Re: [R] Rserve and R to R communication
0,Pres. Bush on Immigration Reform
0,svn commit: samba-web r1099 - in trunk: .
0,CNN.com Daily Top 10
0,Re: [R] Rserve and R to R communication
0,ONEOK Named a Top Performer on CFO Magazine's Annual Capital Spending Scorecard
0,Cabot Wealth Advisory 4/9/07 - The Thin Veneer of Civilization
0,"[R] plot log scale, axis original scale"
0,[Ip-health] Summary of Korea-US FTA based on SKG press release
0,Samba 3.0.25rc1 AVailable for Download
1,Re: Bug#418427: debian-installer: Debian 4 Indian mirror points to  Debian 3
0,Re: [R] ISwR library
0,"Re: [perl #42334] PGE compiler faults out ""set_integer_keyed() not implemented in class 'Undef'"""
0,CBS Evening News with Katie Couric E-Mail Alert
0,"Re: [R] plot log scale, axis original scale"
0,News Summary
0,SatCon Issues Statement Regarding 2006 Year-End Results
0,"Re: The great ""class"" variable renaming"
0,"The CNN Political Ticker PM, Monday, April 09, 2007"
0,Chasing Life
0,svn commit: samba r22145 - in branches: SAMBA_3_0/source/smbd 	SAMBA_3_0_25/source/smbd
0,Re: [R] Rserve and R to R communication
0,Stock Quote Notification for ONEOK Inc.
0,Re: [R] Rserve and R to R communication
0,Re: [R] Rserve and R to R communication
0,Re: [R] Reasons to Use R
0,Weekly Programming Guide: NFL Draft: April 28 
0,Re: [R] Rserve and R to R communication
0,[R] sem vs. LISREL: sem fails
0,Re: [R] Reasons to Use R
0,Re: errors when reinstalling kernel-2.6.19 on fedora core 6
0,[sugar] Getting sugar running on a Mac
0,[Ip-health] E.U. compulsory licence of Shell/BASF Targor Metallocene patent rights (2000 case)
0,[R] tapply
0,Re: [R] Reasons to Use R
0,=?iso-8859-1?Q?Today's_WeatherDirect_Forecast_for_Waterloo?=
0,[Proposal] Punt support for security = share when using Windows 	VIsta
0,New hope for people at risk for heart failure.  That story tonight on the CBS EVENING NEWS with KATIE COURIC
0,CNN Breaking News
0,CNN Breaking News
0,[sugar] Parallels and 385 continued
0,"Stock Quote Notification for Netflix, Inc."
0,Stock Quote Notification for NTELOS Holdings Corp.
0,Stock Quote Notification for SatCon Technology Corporation
0,Stock Quote Notification for Napster
0,CNN Alerts: bush
0,645p 4/9 Update: Soyuz crew welcomed; NASA announces station contract
0,Re: Fixed exclude_dir in the recycle vfs
0,[R] testing differences between slope differences with lme
0,Class/Role namespace links
0,Re: [R] Dealing with large nominal predictor in sem package
0,FNC Alert
0,Re: [R] testing differences between slope differences with lme
0,CBSNews.com News Alert! CBS Suspends Imus For Two Weeks
1,Build status as of Tue Apr 10 00:00:02 2007
0,"[perl #41912] [CAGE] survey tools/ dir for unused, old, or broken code, and remove or fix as necessary "
0,[cc-community] Video Slam: New CC initiative in Australia
0,Re: [R] Dealing with large nominal predictor in sem package
0,new CD mirror: ftp.br.debian.org
1,Re: [sugar] new chat activity
0,Re: Mirroring ISOs
0,Re: jigdo and templates for businesscard and netinst?
1,Re: [Proposal] Punt support for security = share when using 	Windows VIsta
1,Re: [Proposal] Punt support for security = share when using	Windows  VIsta
1,Re: [Proposal] Punt support for security = share when using	Windows 	VIsta
0,Re: [sugar] Getting sugar running on a Mac
0,CNN Alerts: bush
0,Re: [R] sem vs. LISREL: sem fails
0,Re: [R] Dealing with large nominal predictor in sem package
0,Re: [R] Dealing with large nominal predictor in sem package
0,[svn:parrot-pdd] r18096 - trunk/docs/pdds
0,Re: inspect and inspect_str from PIR
0,TCO Round 1B
0,Re: [R] Reasons to Use R  [Broadcast]
0,[R] Plot symbols dimension
0,Re: [R] Plot symbols dimensions
0,Rev 77: fix a possible free after use in 	http://samba.org/~tridge/ctdb
0,Rev 76: fix configure for new test location in 	http://samba.org/~tridge/ctdb
0,Rev 78: merge from ronnie in http://samba.org/~tridge/ctdb
0,Re: [sugar] Getting sugar running on a Mac
0,"April 10, 2007"
0,[Slashdot] Headlines for 2007-04-10
0,Re: [R] Labelling boxplot with fivenumber summary
0,Re: [R] Reasons to Use R [Broadcast]
0,Re: [R] Plot symbols dimension
0,Re: [R] Plot symbols dimensions
0,[R] Testing invertibility of an AR model
0,Re: [sugar] Getting sugar running on a Mac
0,AccuWeather.com Alert(tm) Forecast For User|AVCAVC
0,AccuWeather.com Alert(tm) Forecast For User|AVCCVA
0,CNN Alerts: bush
0,[sugar] Who's running Planet Laptop?
0,Re: [sugar] Who's running Planet Laptop?
1,Re: Debian GNU/Linux 4.0 (etch) released
0,Rev 79: added daemon mode to ctdb_bench in 	http://samba.org/~tridge/ctdb
0,Rev 80: merge tcp changes from ronnie in 	http://samba.org/~tridge/ctdb
0,[Slashdot] Stories for 2007-04-10
1,ParrotSketch Agenda for 4/10/07
0,Google Alert - bush
0,[R] When to use quasipoisson instead of poisson family
0,[R] Problem with saving R plot in Emacs
0,Re: [R] Testing invertibility of an AR model
0,Re: [R] Problem with saving R plot in Emacs
0,Re: [perl #42359] [PATCH] Assorted cleanups - part III (Intel C++)
0,Re: [perl #42359] [PATCH] Assorted cleanups - part III (Intel C++)
0,Re: [perl #42359] [PATCH] Assorted cleanups - part III (Intel C++)
0,Re: [perl #42359] [PATCH] Assorted cleanups - part III (Intel C++)
0,[R] median polishing
0,Re: vtable cleanup and questions
0,Re: new CD mirror: ftp.br.debian.org *done*
0,[svn:parrot-pdd] r18097 - trunk/docs/pdds/draft
0,Perl: how these two variables are equal numerically?
0,Re: Minor notes/suggestions on PDD15
0,Re: [R] median polishing
0,Re: Class/Role namespace links
0,Re: [R] When to use quasipoisson instead of poisson family
0,"Re: [sugar] New stable build, 385/q2b87"
0,Re: Perl: how these two variables are equal numerically?
0,Re: [perl #42371] [TODO] check if object.can(method) in callmethodcc()   op
0,Re: how these two variables are equal numerically?
0,[svn:parrot-pdd] r18101 - trunk/docs/pdds
0,Re: remove_method vtable?
0,svn commit: samba r22146 - in branches: SAMBA_3_0/source/modules 	SAMBA_3_0_25/source/modules
0,Re: how these two variables are equal numerically?
0,Re: Minor notes/suggestions on PDD15
0,svn commit: samba r22147 - in branches: SAMBA_3_0/source/modules 	SAMBA_3_0_25/source/modules
0,Re: Perl: how these two variables are equal numerically?
0,[R] &500 and above ignored
0,CBS SportsLine Daily Sports Report
0,[Ip-health] E.C. on: Ethical aspects of patenting inventions involving human stem cells
0,"Re: [sugar] New stable build, 385/q2b87"
0,Re: Minor notes/suggestions on PDD15
0,Re: [R] When to use quasipoisson instead of poisson family
0,[perl #42406] [PATCH] improper null testing in Parrot_instantiate_object 
0,Re: [sugar] PLEASE test Build 368 and Q2B84 firmware ASAP.
0,Re: how these two variables are equal numerically?
0,Re: JSON won't make test
0,rivulet: Dictionary.com Word of the Day
0,Re: [R] tapply
0,=?iso-8859-1?Q?Today's_WeatherDirect_Forecast_for_Waterloo?=
0,"Re: [R] plot log scale, axis original scale"
0,Re: [R] When to use quasipoisson instead of poisson family
0,Re: [R] &500 and above ignored
0,Rev 81: made all sockets handle partial IO in 	http://samba.org/~tridge/ctdb
0,"MSNBC, CBS take Imus off air"
0,Rev 82: merge from ronnie in http://samba.org/~tridge/ctdb
0,"Rev 83: make some functions static, 	and remove an unused structure in http://samba.org/~tridge/ctdb"
0,Re: [R] When to use quasipoisson instead of poisson family
0,[R] Question regarding the mvtnorm R package
0,[R] TXTSETUP.OEM and CD-ROM?
0,"[perl #42407] [PATCH] refactor vtable overriding, delegate.c generation "
0,"MSN-list Digest, Vol 7, Issue 84"
0,Re: [R] &500 and above ignored
0,Re: [R] &500 and above ignored
0,[R] Multiple output from cor.test
0,Rev 5343: Merge from upstream. in 	http://samba.sernet.de/ma/bzr/SAMBA_3_0-registry.bzr/
0,[R] Alerte de l'antivirus de l'IPC: file85.eml\raglans.png 	Malformed attachment blocked
0,Rev 5344: remove moved files from merge. in 	http://samba.sernet.de/ma/bzr/SAMBA_3_0-registry.bzr/
0,Daily Power Report
0,Rev 84: fix the queueing for partially connected tcp sockets in 	http://samba.org/~tridge/ctdb
0,Rev 5345: auth/auth_util2.c renamed to auth/token_util.c in 	Volker's checkin in 	http://samba.sernet.de/ma/bzr/SAMBA_3_0-registry.bzr/
0,[perl #42412] Configure.pl things =no is true 
0,"[perl #42408] Re: [PATCH] refactor vtable overriding, delegate.c generation "
0,[perl #42411] [PARTIALPATCH] Building a 32bit parrot on freebsd under amd64 fails. 
0,Re: [R] Modified Sims test
0,Severe error
0,Re: Hinner EDV: Correct Logo Usage?
1,Re: Swiftfox license
0,"Re: [R] Problem installing gnomeGUI in Ubuntu: ""HAVE_ORBIT"" was  never defined"
0,AccuWeather.com Alert(tm) Advisory  (avcavc)
0,News & Views | 04.09.07
0,[R] Matlab import
0,[R]  string edit distance
0,Re: [R] Matlab import
0,Re: [R] sem vs. LISREL: sem fails
0,Re: [sugar] Error starting up sugar
0,[R] WG:  Matlab import
0,Re: [R] Matlab import
0,Re: [R] Reasons to Use R
0,Re: [R] Matlab import
0,AccuWeather.com Alert(tm) Forecast For User|AVCCVA
0,AccuWeather.com Alert(tm) Forecast For User|AVCAVC
0,"CNN Political Ticker AM, Tuesday, April 10, 2007"
0,Your April automotive updates from Autobytel
0,Re: [R] sem vs. LISREL: sem fails
0,Re: [R] Matlab import
0,Re: Sorting dir output
0,[Ip-health] Public lecture recording - Dr.Thomas Faunce - Impact of US-AUS FTA on  Australian PBS
0,[Ip-health] Reuters:  India asks Novartis to withdraw patent challenge
0,"Renewable Power Project Finance  April 30-May 2, 2007  NY NY"
0,Re: Sorting dir output
0,[Ip-health] Indian Govt asks novartis to withdraw patent challenge - Reuters news
0,[Ip-health] Wall Street Journal: U.S. Leaves Door to China Ajar
0,News Summary
0,[R] Computational speed question
0,Trouble with backtracking in RE
0,Re: [sugar] Error starting up sugar
0,[sugar] Getting sugar running on a Mac
0,Re: Sorting dir output
0,In defence of YouTube
0,Stock Notification for NTELOS Holdings Corp.
0,Stock Notification for Napster
0,Re: Trouble with backtracking in RE
0,Energy Jobs Report: Current Postings
0,NERC Reliability Compliance Strategies Webinar  April 17
0,"fix SASL ""GSSAPI"" bind against w2k3"
0,Re: Sorting dir output
0,[Ip-health] Abbott cuts price of Kaletra
0,"Re: fix SASL ""GSSAPI"" bind against w2k3"
0,"Re: fix SASL ""GSSAPI"" bind against w2k3"
0,"The Skinny: Tuesday April 10, 2007"
0,Re: [R] Computational speed question
0,Re: Sorting dir output
0,"Re: fix SASL ""GSSAPI"" bind against w2k3"
0,"In The News: Anna Nicole Smith, Don Imus, Jason Wahler"
0,[R] How to do spatial-temporal regression
0,"Re: [R] Problem installing gnomeGUI in Ubuntu: ""HAVE_ORBIT"" was 	never defined"
0,Re: [R] Matlab import
0,Re: [R] Reasons to Use R
0,Re: [sugar] Error starting up sugar
0,Re: [sugar] Getting sugar running on a Mac
0,Re: Sorting dir output
0,svn commit: samba r22148 - in branches: SAMBA_3_0/source/modules 	SAMBA_3_0_25/source/modules
0,svn commit: samba r22149 - in branches: SAMBA_3_0/source/smbd 	SAMBA_3_0_25/source/smbd
1,wrt inotify problem
0,Re: wrt inotify problem
1,Re: wrt inotify problem
0,Re: [sugar] Getting sugar running on a Mac
1,Re: wrt inotify problem
0,"HowStuffWorks Automotive Newsletter April 10, 2007"
0,Re: [sugar] Error starting up sugar
1,Re: wrt inotify problem
0,Re: Debian-approved creative/content license?
0,Re: Best notebook
0,Re: wrt inotify problem
0,svn commit: samba r22150 - in 	branches/SAMBA_3_0_25/source/lib/replace: . test
0,Re: wrt inotify problem
0,CNN Alerts: bush
0,News Summary
0,svn commit: samba r22151 - in 	branches/SAMBA_3_0/source/lib/replace: . test
0,svn commit: samba r22152 - in 	branches/SAMBA_4_0/source/lib/replace: . test
0,Re: wrt inotify problem
0,svn commit: samba r22153 - in branches/SAMBA_3_0/source/libads: .
1,Bug#418568: UK mirror updates
1,Re: wrt inotify problem
0,AccuWeather.com Alert(tm) Advisory  (avcavc)
1,Re: wrt inotify problem
1,Re: wrt inotify problem
0,Re: Best notebook
1,"Re: fix SASL ""GSSAPI"" bind against w2k3"
0,[R] Estimate new values from GLM (familiy=Gamma)
1,Re: wrt inotify problem
0,In tonight's programme
1,Re: wrt inotify problem
0,"Re: fix SASL ""GSSAPI"" bind against w2k3"
0,Re: wrt inotify problem
1,Re: wrt inotify problem
0,[R] nlm() and optim()
0,=?iso-8859-1?Q?Today's_WeatherDirect_Forecast_for_Waterloo?=
1,Re: wrt inotify problem
0,  The Internet Patrol -  Blogger Freed from Jail After Providing and Posting Disputed Video
1,[cc-community] Wikitravel nominated for Webby Award in Travel 	category
0,Re: Sorting dir output
1,tdb docs
0,[R]  Lagrange multiplier for ordinary kriging in gstat in R??
0,TONIGHT ON SHOWBIZ TONIGHT- CNN HEADLINE PRIME 11pm ET/11pm PT
1,Re: [R] nlm() and optim()
0,FNC Alert
1,Re: tdb docs
0,The gnome and orca interface - was: About Ubuntu
0,Natural Gas 101  April 25-26 Phoenix; May 8-9 Chicago;  June 13-14  Houston
0,Your daily e-mail from the BBC
0,svn commit: samba r22154 - in branches: SAMBA_3_0/source/include 	SAMBA_3_0/source/libsmb SAMBA_3_0_25/source/include 	SAMBA_3_0_25/source/libsmb
1,[perl #42359] [PATCH] Assorted cleanups - part III (Intel C++) 
0,svn commit: samba r22155 - in branches: SAMBA_3_0/source/client 	SAMBA_3_0_25/source/client
0,Re: [R] How do I back transforme ordinary log-krigged prdiction 	values?
1,[R] Clustered vectors
0,AccuWeather.com Alert(tm) Forecast For User|AVCCVA
0,AccuWeather.com Alert(tm) Forecast For User|AVCAVC
0,The Biggest Battle in Baghdad in Weeks...
0,"PE Today: Dobbs Joins The ""Family"""
0,Re: [perl #42359] [PATCH] Assorted cleanups - part III (Intel C++)
0,[Ip-health] NY Times: Congress Seeks Compromise on Generic Biologics
0,[Ip-health] WSJ editorial on generic biologics bills
0,Re: [perl #42359] [PATCH] Assorted cleanups - part III (Intel C++)
0,New TopCoder(R) Studio contest posted
0,=?utf-8?Q?New_TopCoder=C2=AE_Studio_contest_posted?=
0,"FOXNews.com CEO NewsBrief - April 10, 2007"
1,Re: [R] How do I back transforme ordinary log-krigged prediction  values?
1,Re: [R] How do I back transforme ordinary log-krigged prediction  values?
0,"Recognizing and Recovering Energy Theft  May 3-4 Nashville, TN"
0,Re: Typo in /debian/README
0,"Russ Mitchell: Imus In The Morning, Noon And Night"
1,Re: [R] Rserve and R to R communication
1,Re: Sorting dir output
0,"Re: [R] Problem installing gnomeGUI in Ubuntu: ""HAVE_ORBIT"" was  never defined"
1,Re: Not-so-mass bug filing for the patented IDEA algorithm
0,FNC Alert
0,[Ip-health] NGOs respond to Abbott $1000 Price for Aluvia
1,call for help: pdd15 implementation
0,[Ip-health] Minicurso Patentes en Foro VIH/Sida Buenos Aires
0,CNN.com Daily Top 10
0,[cc-devel] wpLicense 0.7.6 Available
0,Re: Sorting dir output
0,Re: [R] Reasons to Use R
0,CBSNews.com News Alert! Birkhead Says Test Shows He Fathered Anna Nicole's Baby
0,CNN Breaking News
0,svn commit: samba r22156 - in branches/SAMBA_4_0: . 	source/script/tests
0,Larry Birkhead is the Father!
0,Rev 11813: - Lazy evaluate variable names. in 	file:///home/jelmer/bzr.samba/SAMBA_4_0/
0,News Summary
0,U.S. embarks on a trade fight with China
0,svn commit: samba r22157 - in branches: SAMBA_3_0/source/nmbd 	SAMBA_3_0_25/source/nmbd
0,Re: [R] sem vs. LISREL: sem fails
0,An Invitation to Talk
0,SHOWBIZ TONIGHT NEWS ALERT: Daddy Determined in Anna Nicole Baby          Battle!
0,CBS Evening News with Katie Couric E-Mail Alert
0,Re: [R] Barplot legend position
0,Re: Sorting dir output
1,Data Mungling - Address Book;
1,[R] Kmeans cluster analysis
0,Birkhead's the Father
0,Stock Quote Notification for ONEOK Inc.
0,"New SEC Document(s) for Netflix, Inc."
1,[R] Computing fundamental harmonics from a periodogram
0,svn commit: samba r22158 - in branches: SAMBA_3_0/source/nsswitch 	SAMBA_3_0_25/source/nsswitch
1,Rev 5346: typofix in 	http://samba.sernet.de/ma/bzr/SAMBA_3_0-registry.bzr/
0,Re: [R] Rserve and R to R communication
1,Re: Data Mungling - Address Book;
0,Rev 5347: merge from upstream in 	http://samba.sernet.de/ma/bzr/SAMBA_3_0-registry.bzr/
0,Re: Data Mungling - Address Book;
0,Re: Data Mungling - Address Book;
0,Re: tdb docs
0,"Microsoft Connected Services Framework Series: $7,500 Assembly  Competition starts today"
0,Google Alert - bush
0,"The CNN Political Ticker PM, Tuesday, April 10, 2007"
0,AccuWeather.com Alert(tm) Advisory  (avcavc)
1,[R] sas.get problem
0,Re: [sugar] Error starting up sugar
0,[sugar] [PATCH] telepathy-python: search XDG directories for 	.manager files
1,[R] Memory management
0,"Re: fix SASL ""GSSAPI"" bind against w2k3"
0,The number of severely obese is on the rise...why?  We'll tell you tonight on the CBS Evening News with Katie Couric
0,Re: [R] sas.get problem
0,Re: Debian-approved creative/content license?
1,modifying classes after they're instantiated
1,[R] Positioning in xyplot
0,AccuWeather.com Alert(tm) Advisory  (avcavc)
0,=?iso-8859-1?Q?Today's_WeatherDirect_Forecast_for_Waterloo?=
0,Re: [R] Positioning in xyplot
0,Re: [R] sas.get problem
0,svn commit: samba r22159 - in branches: SAMBA_3_0/source/nsswitch 	SAMBA_3_0_25/source/nsswitch
0,Re: wrt inotify problem
0,"Stock Quote Notification for Netflix, Inc."
0,Stock Quote Notification for NTELOS Holdings Corp.
0,Stock Quote Notification for Napster
0,Stock Quote Notification for SatCon Technology Corporation
0,CNN Alerts: bush
0,Re: modifying classes after they're instantiated
0,Re: [R] Reasons to Use R
0,Re: [R] Positioning in xyplot
0,[perl #42427] [CAGE] cleanup perlcritic errors 
0,Re: [R] Reasons to Use R
0,Re: [R] Reasons to Use R
1,[R] tapply and storage
0,Build status as of Wed Apr 11 00:00:02 2007
0,Re: modifying classes after they're instantiated
0,Renewable fuel standards issued for cars
1,[R] p-value and significance code
0,4/10 815p Update: Shuttle launch target now June 8
0,Re: [R] Reasons to Use R
0,Re: [R] Positioning in xyplot
0,Rev 85: - add --daemon flag to ctdb_fetch test code in 	http://samba.org/~tridge/ctdb
0,Rev 86: forgot to add ctdb_client.c in http://samba.org/~tridge/ctdb
1,[R] problems understanding sapply
0,Re: tdb_transaction_cancel
0,svn commit: samba r22160 - in 	branches/SAMBA_4_0/source/script/tests: .
0,Re: modifying classes after they're instantiated
0,[perl #42429] [BUG]:  docs/submission.pod:  Confusing use of term 'test' 
0,Re: [R] problems understanding sapply
0,podracer with debian updates
0,Re: [R] problems understanding sapply
0,Rev 88: partially completed work towards full messaging system 	which will work in both daemon and standalone mode. Does not 	compile\! committing so ronnie can continue while I'm out in 	http://samba.org/~tridge/ctdb
0,Rev 87: merge from ronnie in http://samba.org/~tridge/ctdb
0,Re: modifying classes after they're instantiated
0,CNN Alerts: bush
1,[R] Function knn.dist from knnflex library
1,System call 
0,Re: System call
1,[R] crosstabs in R?
0,11-Apr-07
0,Re: [R] crosstabs in R?
0,[Slashdot] Headlines for 2007-04-11
0,Re: tdb_transaction_cancel
0,svn commit: samba r22161 - in 	branches/SAMBA_4_0/source/script/tests: .
0,"Rev 89: merge from ronnie, 	plus complete the client side of inter-node messaging in 	http://samba.org/~tridge/ctdb"
0,AccuWeather.com Alert(tm) Forecast For User|AVCAVC
0,AccuWeather.com Alert(tm) Forecast For User|AVCCVA
0,CGI Header
0,Re: CGI Header
0,Re: tdb_transaction_cancel
0,Re: tdb_transaction_cancel
0,svn commit: samba r22162 - in 	branches/SAMBA_4_0/source/script/tests: .
0,svn commit: samba r22163 - in branches: SAMBA_3_0/source/rpc_parse 	SAMBA_3_0_25/source/rpc_parse
0,AccuWeather.com Alert(tm) Advisory  (avcavc)
0,Rev 91: add proper support for ctdb_connect_wait in daemon mode in 	http://samba.org/~tridge/ctdb
0,Rev 90: fixed sending messages to ourselves in non-daemon mode in 	http://samba.org/~tridge/ctdb
0,Rev 92: use the new connect_wait code in the ctdb_messaging test in 	http://samba.org/~tridge/ctdb
0,Re: [R] Rserve and R to R communication
0,Rev 93: added --num-clients option to ctdb_messaging test in 	http://samba.org/~tridge/ctdb
0,Re: tdb_transaction_cancel
0,svn commit: samba r22164 - in branches: SAMBA_3_0/source/tdb/common 	SAMBA_3_0_25/source/tdb/common
0,Re: [R] Memory management
0,svn commit: samba r22165 - in 	branches/SAMBA_4_0/source/lib/tdb/common: .
0,Re: [R] Function knn.dist from knnflex library
0,We're Still Saving Your FREE Trial!
1,[R] Using Sampling Weights in R
0,Re: [R] Reasons to Use R
0,[Slashdot] Stories for 2007-04-11
0,Re: [R] Reasons to Use R
0,Re: [R] read.spss (package foreign) and SPSS 15.0 files
0,Re: [R] read.spss (package foreign) and SPSS 15.0 files
0,Re: [R] read.spss (package foreign) and SPSS 15.0 files
0,Re: [perl #42271] [PATCH] Borland C++ cleanups
0,"Re: [R] plot log scale, axis original scale"
0,Re: [R] read.spss (package foreign) and SPSS 15.0 files
0,svn commit: samba r22166 - in 	branches/SAMBA_4_0/source/heimdal_build: .
0,Re: [R] read.spss (package foreign) and SPSS 15.0 files
0,Re: [R] read.spss (package foreign) and SPSS 15.0 files
0,Re: [R] read.spss (package foreign) and SPSS 15.0 files
0,Re: [R] read.spss (package foreign) and SPSS 15.0 files
0,Re: [perl #42271] [PATCH] Borland C++ cleanups
0,Re: modifying classes after they're instantiated
0,[perl #42430] [PATCH] make :vtable imply :method 
1,[R] hypothesis testing
0,Re: Working on punie + rindolf (the implementation) Reloaded
0,Re: Working on punie + rindolf (the implementation) Reloaded
0,CBS SportsLine Daily Sports Report
0,Re: [perl #42430] [PATCH] make :vtable imply :method
0,Re: [R] Rserve and R to R communication
0,Re: modifying classes after they're instantiated
0,Re: Working on punie + rindolf (the implementation) Reloaded
0,Re: Working on punie + rindolf (the implementation) Reloaded
1,[R] Boxplot names format
0,Re: [cc-devel] wpLicense 0.7.6 Available
0,News & Views | 04.10.07
0,Re: [R] sas.get problem
0,putsch: Dictionary.com Word of the Day
0,=?iso-8859-1?Q?Today's_WeatherDirect_Forecast_for_Waterloo?=
0,Re: CGI Header
0,Re: Hinner EDV: Correct Logo Usage?
0,[Ip-health] Minicurso Patentes en Foro VIH/Sida Buenos Aires
0,Re: [R] Boxplot names format
0,[Ip-health] Financial Times: Malaria drug for the poor ' a bad idea'
0,Re: [R] Boxplot names format
0,Advertisers pull sponsorship of Imus' show
0,Re: [R] Computing fundamental harmonics from a periodogram
1,[R] enable-R-shlib ?
1,[R] Random Forest Imputations
0,AccuWeather.com Alert(tm) Advisory  (avcavc)
0,"MSN-list Digest, Vol 7, Issue 85"
0,Re: [sugar] Error starting up sugar
0,"[ANNOUNCE] Hackathon Toronto, Saturday April 28"
0,Re: [cc-devel] wpLicense 0.7.6 Available
0,svn commit: samba r22167 - in 	branches/SAMBA_4_0/source/script/tests: .
0,Re: [R] enable-R-shlib ?
0,Re: [R] p-values and significance
0,Re: Working on punie + rindolf (the implementation) Reloaded
0,Re: [R] Random Forest Imputations  [Broadcast]
0,ConocoPhillips backs carbon regulation
0,Daily Power Report
0,Re: [R] Random Forest Imputations [Broadcast]
0,svn commit: samba r22168 - in 	branches/SAMBA_4_0/source/script/tests: .
0,Explosions rock Algerian capital
0,Re: [cc-devel] wpLicense 0.7.6 Available
1,[R] ASYMMETRIC DCC MGARCH
0,svn commit: samba-docs r1093 - in trunk/manpages-3: .
0,Browne 'not happy with navy deal'
0,IRS e-News for Small Businesses
0,svn commit: samba r22169 - in branches/SAMBA_3_0_25/source/utils: .
0,Ethical Issues - Your questions
1,[R] Boxplot with quartiles generated from different algorithms
0,svn commit: samba r22170 - in branches/SAMBA_4_0: 	source/script/tests testprogs/blackbox
0,Rev 94: merge from ronnie in http://samba.org/~tridge/ctdb
0,Rev 95: merge from volker in http://samba.org/~tridge/ctdb
0,Rev 96: use lib/replace for signal.h in 	http://samba.org/~tridge/ctdb
0,Rev 97: use event_loop_wait instead of while(1) in 	http://samba.org/~tridge/ctdb
0,svn commit: samba r22171 - in 	branches/SAMBA_4_0/source/torture/rpc: .
1,Converting to log file to CSV
0,Re: [R] Memory management
1,[R] negative variances
0,svn commit: samba r22172 - in branches/SAMBA_3_0/source/include: .
0,svn commit: samba r22173 - in branches: SAMBA_3_0/source/nsswitch 	SAMBA_3_0_25/source/nsswitch
0,AccuWeather.com Alert(tm) Forecast For User|AVCAVC
0,AccuWeather.com Alert(tm) Forecast For User|AVCCVA
0,Re: inappropriate use of Debian Official Use Logo (Re: Hinner EDV: 	Correct Logo Usage?)
0,"CNN Political Ticker AM, Wednesday, April 11, 2007"
0,Re: [perl #42430] [PATCH] make :vtable imply :method
0,Re: [R] Boxplot names format
0,svn commit: samba r22174 - in branches/SAMBA_3_0_25/packaging/RHEL: 	.
0,"Cost-Effective Transmission Technology Investment May 3-4 2007  Nashville, TN"
0,Rev 11822: Initial work on adding a 'member' environment. in 	file:///home/jelmer/bzr.samba/SAMBA_4_0/
0,svn commit: samba r22175 - in branches/SAMBA_3_0/packaging/RHEL: .
0,Re: [R] Reasons to Use R
0,svn commit: samba r22176 - in 	branches/SAMBA_4_0/source/torture/local: .
0,svn commit: samba r22177 - in 	branches/SAMBA_4_0/source/script/tests: .
0,Re: [R] negative variances
0,Rev 11823: Initial work on adding a 'member' test environment. in 	file:///home/jelmer/bzr.samba/SAMBA_4_0/
0,Rev 11824: Initial work on a 'member' test environment. in 	file:///home/jelmer/bzr.samba/SAMBA_4_0/
0,Re: relevancy of saens as a member of ftp.us.d.o ?
0,Re: [R] Multivariate GARCH model in R
1,pugs: aborting smoke tests
0,Re: Converting to log file to CSV
0,News Summary
1,"[R] Programming Problem (for loop, random # control, 	3 dimentional graph)"
0,Swiss Skin Care Anti-perspirant is back! FREE shipping on orders over $25
0,Re: [R] Memory management
1,Using regular expressions with delimitaters
0,Re: Working on punie + rindolf (the implementation) Reloaded
0,CNN Alerts: bush
0,Re: [R] Memory management
0,Re: [Samba] SMB Signature verification failed when establish trust 	with win2003 domain
1,Summary from Tuesday's BUgzilla Day
0,Re: [R] Random Forest Imputations [Broadcast]  [Broadcast]
1,[R]  Kmeans cluster analysis
0,FNC Alert
0,RE: Using regular expressions with delimitaters
0,Re: Using regular expressions with delimitaters
1,Looking for someone to repro BUG 4503
0,"Capacity Markets  June 4-6, 2007  Washington DC"
1,[R] graphs superimposed on pictures?
1,[R] MAFA and DFA for short time series
1,"linux, windows and vmware"
0,CBSNews.com News Alert! Sources Say All Duke Rape Charges To Be Dropped
0,Re: [R] Computing fundamental harmonics from a periodogram
0,CNN Alerts: bush
0,Re: Looking for someone to repro BUG 4503
0,Re: 3.0.25pre2 winbind woes
0,Re: Working on punie + rindolf (the implementation) Reloaded
0,Stock Notification for NTELOS Holdings Corp.
0,Stock Notification for SatCon Technology Corporation
0,Stock Notification for ONEOK Inc.
0,"Stock Notification for Netflix, Inc."
0,Stock Notification for Napster
0,"Re: [R] Programming Problem (for loop, random # control, 	3 dimentional graph)"
0,Re: Looking for someone to repro BUG 4503
1,[R] Why warnings using lmer-model with family=binomial
0,svn commit: samba-docs r1094 - in trunk/smbdotconf/misc: .
0,Re: [R] Kmeans cluster analysis
0,"In The News: Larry Birkhead, Leeza Gibbons, Snoop Dogg"
0,"Re: [R] Programming Problem (for loop, random # control, 	3 dimentional graph)"
0,Rev 5348: merge from upstream in 	http://samba.sernet.de/ma/bzr/SAMBA_3_0-registry.bzr/
0,Rev 5349: open registry tdb with sequence number. preparation to 	loadparm integration of registry global smb.conf optins: this 	allows to detect changes in order to trigger reload. in 	http://samba.sernet.de/ma/bzr/SAMBA_3_0-registry.bzr/
0,Re: [R] sas.get problem
0,Re: CGI Header
0,Re: [R] Reasons to Use R
0,"The Skinny: April 11, 2007"
0,"Re: linux, windows and vmware"
0,Re: [R] crosstabs in R?
0,Re: [R] graphs superimposed on pictures?
0,FASB 133: Accounting for Derivatives  Apr 10 Atlanta; Apr 18 Houston;  May 8 Chicago
0,Rev 5350: add function for retrieval of redb seqnum. in 	http://samba.sernet.de/ma/bzr/SAMBA_3_0-registry.bzr/
0,Re: [R] MAFA and DFA for short time series
1,Dialog and Tempfiles in Perl
0,Re: [R] negative variances
0,[Ip-health] Letter to G4 heads of trade delegation at Delhi WTO trade talks
0,Re: wrt inotify problem
0,[Ip-health] Program of 15th Annual Fordham Conference: INTERNATIONAL INTELLECTUAL PROPERTY LAW & POLICY
0,[Ip-health] IHT: Thailand defies drug makers on patent issue
1,[R] Reshape and column order
0,Re: [R] sas.get problem
1,Looking for account on Debian-amd64 system
0,Re: [R] Computing fundamental harmonics from a periodogram
0,Re: [R] graphs superimposed on pictures?
0,Re: [R] Reasons to Use R
0,Re: Dialog and Tempfiles in Perl
0,Re: [R] graphs superimposed on pictures?
0,Re: pugs: aborting smoke tests
0,"RE: linux, windows and vmware"
1,"[R] persp Error. x,y,z with the same length"
0,Re: Dialog and Tempfiles in Perl
0,AccuWeather.com Alert(tm) Advisory  (avcavc)
0,4/11 1145a Update: CBS SPACE NEWS EMAIL ADVISORY
1,[R]  Reasons to Use R
0,Re: [R] graphs superimposed on pictures?
0,In tonight's programme
0,News Summary
0,Re: [R] graphs superimposed on pictures?
0,Western Renewable Power Development Summit  May 7-9  San Francisco
0,[Ip-health] Discount Price Offered for Kaletra/Aluvia  - What Abbott must do next
0,Re: CGI Header
0,Re: [R] Using Sampling Weights in R
0,Re: [R] Reasons to Use R
1,Re: [R] graphs superimposed on pictures?
0,Re: [sugar] upcoming goals for sugar for april and may
1,Re: [R] graphs superimposed on pictures?
1,Re: pugs: aborting smoke tests
0,=?iso-8859-1?Q?Today's_WeatherDirect_Forecast_for_Waterloo?=
0,"The Internet Patrol -  GPS Enabled Internet,   or Internet Enabled GPS - The Next Advertising Frontier"
1,"Re: [R] persp Error. x,y,z with the same length"
1,"Re: linux, windows and vmware"
0,Re: [R] Reasons to Use R
0,Re: [R] Reasons to Use R
1,"Re: [R] persp Error. x,y,z with the same length"
0,[R] creating a path diagram in sem
0,Re: [R] Reasons to Use R
0,Re: smb service discovery support
1,Re: [Samba] Re: Win32 services management?
0,CNN Alerts: My Custom Alert
1,[R] Significance p.values for partial.cor
1,Re: smb service discovery support
0,Re: smb service discovery support
0,TONIGHT ON SHOWBIZ TONIGHT- CNN HEADLINE PRIME 11pm ET/ 11pm PT
0,Re: [R] Reasons to Use R
0,Re: [R] sas.get problem
0,Re: smb service discovery support
0,Re: Hinner EDV: Correct Logo Usage?
0,Re: [R] Reasons to Use R
1,[R] Error with corCompSymm and lme fit for repeated measures
0,TCO Round 1C
0,Re: [R] creating a path diagram in sem
1,[R] Questions about statistics: ARIMA modeling seasonal MA term 	close to -1
0,Re: [R] Reasons to Use R  [Broadcast]
0,Re: [R] sas.get problem
0,Your daily e-mail from the BBC
1,problems with thinkpad 770Z
0,Re: [R] Reasons to Use R
0,Re: [R] graphs superimposed on pictures?
0,Re: [R] sas.get problem
1,[R] Help with pexp( )
0,AccuWeather.com Alert(tm) Forecast For User|AVCAVC
0,AccuWeather.com Alert(tm) Forecast For User|AVCCVA
0,Re: [perl #42430] [PATCH] make :vtable imply :method
0,Re: [R] sas.get problem
0,Re: [R] sas.get problem
1,"[R] sem is not ""taking"" the model"
0,Hannah Storm: The Imus Story Keeps Getting Bigger
0,Re: Best notebook
0,FNC Alert
0,CBSNews.com News Alert! Duke Lacrosse Players Cleared
0,CNN Breaking News
1,Different behavior between Samba and Windows: ChangeTime
1,[R] User defined grid on map
0,FNC Alert
0,Re: [R] Help with pexp( )
0,Re: CGI Header
0,Re: [R] Positioning in xyplot
0,US extends soldiers' tour of duty
0,CNN Breaking News
0,"FOXNews.com CEO NewsBrief - April 11, 2007"
0,Test Your Poker Skills For Free
0,FNC Alert
0,Re: [R] Help with pexp( )
0,Re: [R] Help with pexp( )
0,CNN.com Daily Top 10
0,Re: [R] Help with pexp( )
0,ONEOK and ONEOK Partners to Present at AGA Financial Forum
0,PE Today: Duke Redux
0,Re: [R] Why warnings using lmer-model with family=binomial
0,"""Innocent"""
0,Re: [R] sas.get problem
0,Can a comic make it on Capitol Hill?
0,CBS Evening News with Katie Couric E-Mail Alert
0,Re: [R] sas.get problem
1,Extending Troop Tours
0,CNN Breaking News
1,Exporting Data to a file which can be read from Excel?
0,News Summary
0,Re: [R] Positioning in xyplot
0,svn commit: samba-docs r1095 - in trunk/smbdotconf/security: .
0,Stock Quote Notification for ONEOK Inc.
0,Ford CEO's Bush joke blown out of proportion
0,Re: [R] Reasons to Use R
0,Re: [R] sas.get problem
0,Re: [R] Reasons to Use R
0,"Re: [R] sem is not ""taking"" the model"
0,Charges Dropped Today in Duke Case
0,Latest Computing News
0,"The CNN Political Ticker PM, Wednesday, April 11, 2007"
0,Re: [R] sas.get problem
1,[R] how to reverse a list
0,svn commit: samba-docs r1096 - in trunk/manpages-3: .
0,[cc-devel] Creative Commons TechBlog
1,"[R]  help with lmer,"
0,Wolfowitz serene about probe of girlfriend
0,"Three open development competitions: $7,200 in prizes."
0,AccuWeather.com Alert(tm) Advisory  (avcavc)
1,debian etch netinstall 32 bit iso like is already provided for sarge 	release
1,[R] Looping through series of names
0,Re: [R] Positioning in xyplot
0,=?iso-8859-1?Q?Today's_WeatherDirect_Forecast_for_Waterloo?=
0,Google Alert - bush
1,Re: [R] how to reverse a list
0,CNN Breaking News
0,Re: [R] how to reverse a list
0,CBSNews.com News Alert! MSNBC Drops Imus
1,Re: [R] how to reverse a list
1,A possible weakened rephrase of clause 5d [was: Re: GPL v3 Draft 3-  text and comments]
0,All charges are dropped in the Duke Lacrosse case--we have an exclusive with one of the families.  That's tonight on the CBS Evening News with Katie Couric
0,Re: Exporting Data to a file which can be read from Excel?
0,Re: [R] how to reverse a list
0,Re: [R] Positioning in xyplot
0,Re: [R] how to reverse a list
0,Stock Quote Notification for Napster
0,Stock Quote Notification for SatCon Technology Corporation
0,Stock Quote Notification for NTELOS Holdings Corp.
0,"Stock Quote Notification for Netflix, Inc."
0,"Re: [R] sem is not ""taking"" the model"
0,Re: [R] how to reverse a list
0,Re: [R] Reasons to Use R
0,Re: [R] sas.get problem
0,svn commit: samba r22179 - in branches/SAMBA_4_0/services: .
0,Re: Looking for someone to repro BUG 4503
0,Re: [R] User defined grid on map
0,Re: [R] Kmeans cluster analysis
0,"Re: [R] help with lmer,"
0,Re: [R] Reasons to Use R
1,[R] Calling LAPACK functions directly from R
0,"Re: [R] help with lmer,"
0,Can mysql-nonfree be resurrected?
0,Build status as of Thu Apr 12 00:00:02 2007
0,Re: [R] sas.get problem
0,Re: debian etch netinstall 32 bit iso like is already provided for 	sarge release
0,Re: [R] how to reverse a list
0,[perl #42337] [PATCH]:  Configure.pl:  Refactor list of steps into Parrot::Configure::Step::List 
0,svn commit: samba r22180 - in 	branches/SAMBA_4_0/source/script/tests: .
0,[perl #42337] [PATCH]:  Configure.pl:  Refactor list of steps into Parrot::Configure::Step::List 
0,Rev 98: merge from ronnie in http://samba.org/~tridge/ctdb
1,thinkpad 600e and lucent wavelan pcmcia
0,"Re: linux, windows and vmware"
0,"Re: linux, windows and vmware"
0,Rev 99: merge from vl in http://samba.org/~tridge/ctdb
0,"Re: linux, windows and vmware"
0,Logo trademark license vs. copyright license
0,svn commit: samba r22181 - in branches: SAMBA_3_0/source/lib 	SAMBA_3_0_25/source/lib
0,Re: inappropriate use of Debian Official Use Logo
0,"Re: linux, windows and vmware"
0,Re: thinkpad 600e and lucent wavelan pcmcia
0,Re: Looking for someone to repro BUG 4503
1,Re: [R] Boxplot with quartiles generated from different algorithms
0,Re: samba profiling and pcp pmda
1,[R] Regression on two time series
0,svn commit: samba r22182 - in branches/SAMBA_4_0/source: .
0,12-Apr-07
0,svn commit: samba r22183 - in branches/SAMBA_4_0/source: .
0,You... In My Dreams
0,[Slashdot] Headlines for 2007-04-12
0,Re: modifying classes after they're instantiated
0,Re: samba profiling and pcp pmda
0,Re: samba profiling and pcp pmda
0,[sugar] gabble segfaults and how to reproduce them
0,"Re[2]: linux, windows and vmware"
0,svn commit: samba r22184 - in 	branches/SAMBA_4_0/source/torture/auth: .
0,Re: [sugar] gabble segfaults and how to reproduce them
1,[cc-devel] My SoC project was accepted!
0,AccuWeather.com Alert(tm) Advisory  (avcavc)
0,AccuWeather.com Alert(tm) Forecast For User|AVCCVA
0,AccuWeather.com Alert(tm) Forecast For User|AVCAVC
0,FNC Alert
0,CNN Breaking News
1,Difference between $ and $$ in function defn
1,Re: Difference between $ and $$ in function defn
1,[Proposed PATCH] Change libparrot Names and Locations
1,Debian GNU/Linux (kfreebsd anyone?) Lenny Desktop wishlist thread
1,Re: [cc-community] Does BY-SA extend to a newspaper?
1,Re: [cc-community] Does BY-SA extend to a newspaper?
1,Re: [cc-community] Does BY-SA extend to a newspaper?
1,Re: [cc-community] Does BY-SA extend to a newspaper?
1,Re: [cc-community] Does BY-SA extend to a newspaper?
1,Re: [cc-community] Fwd: [Libre-Discuss] Science of Identity cult 	agents attempt take-down of chriskcon.com based in spurious 	copyright law evocations
1,Re: [cc-community] Fwd: [Libre-Discuss] Science of Identity cult 	agents attempt take-down of chriskcon.com based in spurious 	copyright law evocations
1,Re: [cc-community] Wikitravel nominated for Webby Award in Travel 	category
1,"Re: [PATCH] Test Samba4 PKINIT code, update socket-wrapper"
1,"Re: [PATCH] Test Samba4 PKINIT code, update socket-wrapper"
1,Re: [perl #42474] [PATCH] Remove dangling enum commas
1,Re: [perl #42474] [PATCH] Remove dangling enum commas
1,Re: [perl #42475] [PATCH] Change asm() to __asm__()
1,Re: [perl #42475] [PATCH] Change asm() to __asm__()
1,Re: [Proposed PATCH] Change libparrot Names and Locations
1,Re: [Proposed PATCH] Change libparrot Names and Locations
1,Re: [Proposed PATCH] Change libparrot Names and Locations
1,Re: [R] apply problem
1,Re: [R] Assignment from list
1,Re: [R] Calling LAPACK functions directly from R
1,Re: [R] class and method
1,Re: [R] Computing fundamental harmonics from a periodogram
1,Re: [R] Construct time series objects from raw data stored in csv 	files
1,Re: [R] Construct time series objects from raw data stored in csv 	files
1,Re: [R] Construct time series objects from raw data stored in csv 	files
1,Re: [R] Construct time series objects from raw data stored in csv 	files
1,Re: [R] Construct time series objects from raw data stored in csv 	files
1,Re: [R] Construct time series objects from raw data stored in csv 	files
1,Re: [R] Construct time series objects from raw data stored in csv 	files
1,Re: [R] Construct time series objects from raw data stored in csv  files
1,Re: [R] data file import - numbers and letters in a matrix(!)
1,Re: [R] data file import - numbers and letters in a matrix(!)
1,Re: [R] Difficulty with formatting scatter.smooth output
1,Re: [R] Difficulty with formatting scatter.smooth output
1,Re: [R] Embedding Fonts in eps Files - Required by Publisher
1,Re: [R] Fractals with R
1,Re: [R] Fractals with R
1,Re: [R] Fractals with R
1,Re: [R] Fractals with R
1,Re: [R] Getting and using a function
1,Re: [R] Getting and using a function
1,Re: [R] Getting and using a function
1,Re: [R] Getting and using a function
1,Re: [R] GLM with random effects
1,Re: [R] graphics - wireframe
1,Re: [R] graphics - wireframe
1,Re: [R] graphics question: tilted axis labels?
1,Re: [R] graphics question: tilted axis labels?
1,Re: [R] graphics question: tilted axis labels?
1,Re: [R] graphics question: tilted axis labels?
1,Re: [R] graphs superimposed on pictures?
1,Re: [R] How to manipulate the pointer of a file?
1,Re: [R] How to manipulate the pointer of a file?
1,Re: [R] how to reverse a list
1,Re: [R] if/else construct
1,Re: [R] installing new packages
1,Re: [R] LME: internal workings of QR factorization
1,Re: [R] Looping through series of names
1,Re: [R] Looping through series of names
1,Re: [R] making a counter of consecitive positive cases in 	time	series
1,Re: [R] Memory management
1,Re: [R] Method dispatch for print() in package its
1,Re: [R] Method dispatch for print() in package its
1,Re: [R] Method dispatch for print() in package its
1,Re: [R] Nonparametric Effect size indices
1,Re: [R] Nonparametric Effect size indices
1,Re: [R] normality test for large sample sizes
1,Re: [R] pattern
1,Re: [R] Positioning in xyplot
1,Re: [R] problems in loading MASS
1,Re: [R] problems in loading MASS
1,Re: [R] problems in loading MASS
1,Re: [R] Putting 2 breaks on Y axis
1,Re: [R] Putting 2 breaks on Y axis
1,Re: [R] Putting 2 breaks on Y axis
1,Re: [R] Putting 2 breaks on Y axis
1,Re: [R] Putting 2 breaks on Y axis
1,Re: [R] Question on ridge regression with R
1,Re: [R] R Source Code
1,Re: [R] R Source Code
1,Re: [R] R Source Code
1,Re: [R] Random Sequence
1,Re: [R] Random Sequence
1,Re: [R] Random Sequence
1,Re: [R] Random Sequence
1,Re: [R] Random Sequence
1,Re: [R] Reasons to Use R
1,Re: [R] Reasons to Use R
1,Re: [R] Reasons to Use R
1,Re: [R] Reasons to Use R
1,Re: [R] Reasons to Use R
1,Re: [R] Reasons to Use R
1,Re: [R] Regression on two time series
1,Re: [R] sas.get problem
1,Re: [R] sas.get problem
1,Re: [R] stacked histograms
1,Re: [R] Subsetting list of vectors with list of (boolean) vectors?
1,Re: [R] Subsetting list of vectors with list of (boolean) vectors?
1,Re: [R] Subsetting list of vectors with list of (boolean) vectors?
1,Re: [R] Subsetting list of vectors with list of (boolean) vectors?
1,Re: [R] taskPR
1,Re: [R] trouble getting b&w plots using trellis graphic
1,Re: [R] Tweaking my plot of matrix as image
1,Re: [R] Tweaking my plot of matrix as image
1,Re: [R] Two basic data manipulation questions (counting and 	aggregating)
1,Re: [R] Two basic data manipulation questions (counting and  aggregating)
1,Re: [R] using install.packages via proxy
1,Re: [R] using install.packages via proxy
1,Re: [R] using install.packages via proxy
1,Re: [R] using install.packages via proxy
1,Re: [R] zoo merge() method
1,Re: [Samba] Re: Win32 services management?
1,Re: [Samba] SMB Signature verification failed when establish trust 	with win2003 domain
1,Re: [sugar] gabble segfaults and how to reproduce them
1,Re: [sugar] gabble segfaults and how to reproduce them
1,Re: [sugar] gabble segfaults and how to reproduce them
1,Re: [sugar] gabble segfaults and how to reproduce them
1,Re: [sugar] gabble segfaults and how to reproduce them
1,Re: [svn:parrot] r18180 - trunk/src/io
1,Re: A possible weakened rephrase of clause 5d [was: Re: GPL v3  Draft 3- text and comments]
1,Re: A possible weakened rephrase of clause 5d [was: Re: GPL v3 Draft 3- text and comments]
1,Re: alva strangulate
1,Re: Bandwidth Generated
1,Re: Bandwidth Generated
1,Re: Bandwidth Generated
1,Re: Bandwidth Generated
1,Re: Bandwidth Generated
1,Re: Bandwidth Generated
1,Re: Bandwidth Generated
1,Re: Best notebook
1,Re: BUG 4063: strptime() for libreplace
1,Re: BUG 4063: strptime() for libreplace
1,Re: Can mysql-nonfree be resurrected?
1,Re: Debian GNU/Linux (kfreebsd anyone?) Lenny Desktop wishlist 	thread
1,Re: Debian GNU/Linux (kfreebsd anyone?) Lenny Desktop wishlist 	thread
1,Re: Debian GNU/Linux (kfreebsd anyone?) Lenny Desktop wishlist thread
1,Re: Debian GNU/Linux (kfreebsd anyone?) Lenny Desktop wishlist thread
1,Re: Debian GNU/Linux (kfreebsd anyone?) Lenny Desktop wishlist thread
1,Re: Debian GNU/Linux (kfreebsd anyone?) Lenny Desktop wishlist thread
1,Re: Debian GNU/Linux (kfreebsd anyone?) Lenny Desktop wishlist thread
1,Re: Debian GNU/Linux (kfreebsd anyone?) Lenny Desktop wishlist thread
1,Re: Does =$*ARGS work?
1,Re: Does =$*ARGS work?
1,Re: Does =$*ARGS work?
1,Re: Does =$*ARGS work?
1,Re: Does =$*ARGS work?
1,Re: Does =$*ARGS work?
1,Re: Enum
1,Re: Enum
1,Re: Enum
1,Re: Enum
1,Re: How to set FTP module time out?
1,Re: How to set FTP module time out?
1,Re: How to set FTP module time out?
1,Re: inappropriate use of Debian Official Use Logo
1,Re: Limiting Exported Symbols on GCC
1,Re: Limiting Exported Symbols on GCC
1,Re: Limiting Exported Symbols on GCC
1,Re: Limiting Exported Symbols on GCC
1,Re: Limiting Exported Symbols on GCC
1,Re: Limiting Exported Symbols on GCC
1,Re: Limiting Exported Symbols on GCC
1,Re: Limiting Exported Symbols on GCC
1,Re: Limiting Exported Symbols on GCC
1,Re: Limiting Exported Symbols on GCC
1,"Re: linux, windows and vmware"
1,Re: Logo trademark license vs. copyright license
1,Re: Logo trademark license vs. copyright license
1,Re: Logo trademark license vs. copyright license
1,Re: Logo trademark license vs. copyright license
1,Re: Logo trademark license vs. copyright license
1,Re: Mails should not go in SPAM Box
1,Re: Mails should not go in SPAM Box
1,Re: Mails should not go in SPAM Box
1,Re: Mails should not go in SPAM Box
1,Re: modifying classes after they're instantiated
1,Re: NetLocalGroupGetMembers
1,Re: NetLocalGroupGetMembers
1,Re: next etch net-install cd
1,Re: Possible Fix?
1,Re: pugs: aborting smoke tests
1,Re: pugs: aborting smoke tests
1,Re: Rename desktop-base ? (Re: Debian GNU/Linux (kfreebsd anyone?) 	Lenny Desktop wishlist thread)
1,Re: Rename desktop-base ? (Re: Debian GNU/Linux (kfreebsd anyone?) Lenny Desktop wishlist thread)
1,Re: samba profiling and pcp pmda
1,Re: samba profiling and pcp pmda
1,Re: Setting hwclock --localtime fails
1,Re: Setting hwclock --localtime fails
1,Re: Setting hwclock --localtime fails
1,Re: Setting hwclock --localtime fails
1,Re: Setting hwclock --localtime fails
1,Re: svn commit: samba r22202 - in 	branches/SAMBA_3_0/source/nsswitch: .
1,Re: svn commit: samba r22202 - in 	branches/SAMBA_3_0/source/nsswitch: .
1,Re: svn commit: samba r22202 - in 	branches/SAMBA_3_0/source/nsswitch: .
1,Re: svn commit: samba r22202 - in 	branches/SAMBA_3_0/source/nsswitch: .
1,Re: svn commit: samba r22202 - in 	branches/SAMBA_3_0/source/nsswitch: .
1,Re: svn commit: samba r22202 - in 	branches/SAMBA_3_0/source/nsswitch: .
1,Re: svn commit: samba r22202 - in 	branches/SAMBA_3_0/source/nsswitch: .
1,Re: svn commit: samba r22202 - in 	branches/SAMBA_3_0/source/nsswitch: .
1,Re: svn commit: samba r22202 - in 	branches/SAMBA_3_0/source/nsswitch: .
1,Re: svn commit: samba r22202 - in 	branches/SAMBA_3_0/source/nsswitch: .
1,Re: svn commit: samba r22202 - in 	branches/SAMBA_3_0/source/nsswitch: .
1,Re: svn commit: samba r22202 - in 	branches/SAMBA_3_0/source/nsswitch: .
1,Re: svn commit: samba r22202 - in 	branches/SAMBA_3_0/source/nsswitch: .
1,Re: svn commit: samba r22202 - in 	branches/SAMBA_3_0/source/nsswitch: .
1,Re: svn commit: samba r22202 - in 	branches/SAMBA_3_0/source/nsswitch: .
1,Re: svn commit: samba r22204 - in branches: 	SAMBA_3_0/source/nsswitch SAMBA_3_0_25/source/nsswitch
1,Re: svn commit: samba r22204 - in branches: 	SAMBA_3_0/source/nsswitch SAMBA_3_0_25/source/nsswitch
1,Re: svn commit: samba r22204 - in branches:  SAMBA_3_0/source/nsswitch SAMBA_3_0_25/source/nsswitch
1,Re: Synopsis 26
1,Re: Synopsis 26
1,Re: Synopsis 26
1,Re: Synopsis 26
1,Re: Thinkpad Saga Continues
1,Re: Thinkpad Saga Continues
1,Re: Thinkpad Saga Continues
1,Re: Thinkpad Saga Continues
1,Re: Thinkpad Saga Continues
1,Re: Uninstalling perl module
1,Re: Uninstalling perl module
1,Re: Uninstalling perl module
1,Re: Uninstalling perl module
1,Re: using <sp> space in character classes
1,Re: Using regular expressions with delimitaters
1,Re: What should file test operators return?
1,Re: What should file test operators return?
1,Re: What should file test operators return?
1,Re: What should file test operators return?
1,Re: What should file test operators return?
1,Re: What should file test operators return?
1,Re: What should file test operators return?
1,Re: What should file test operators return?
1,Re: What should file test operators return?
1,Re: What should file test operators return?
1,Re: What should file test operators return?
1,Re: What should file test operators return?
1,Re: wrt inotify problem
1,Thinkpad Saga Continues
1,Thinkpad Saga Continues
1,Thinkpad Saga Continues
1,Thinkpad Saga Continues
1,"Bug Day: Saturday, 14 April 2007"
1,For the kde people
1,"[PATCH] Test Samba4 PKINIT code, update socket-wrapper"
0,Build status as of Fri Apr 13 00:00:02 2007
0,By Invitation Only -- Free Poker Club Pass for You
0,[perl #42474] [PATCH] Remove dangling enum commas 
0,[perl #42475] [PATCH] Change asm() to __asm__() 
0,[R]  GLM with random effects
0,[R]  LME: internal workings of QR factorization
0,[R]  LME: internal workings of QR factorization --repost
0,[R] apply problem
0,[R] Assignment from list
0,[R] bquote in plot.default vs plot.formula ?
0,[R] class and method
0,[R] Construct time series objects from raw data stored in csv files
0,[R] data file import - numbers and letters in a matrix(!)
0,[R] Difficulty with formatting scatter.smooth output
0,[R] Embedding Fonts in eps Files - Required by Publisher
0,[R] FFT output and phase
0,[R] Fractals with R
0,[R] Getting and using a function
0,[R] graphics - wireframe
0,[R] graphics question: tilted axis labels?
0,[R] graphics question: tilted axis labels?
0,[R] How consistent is predict() syntax?
0,[R] How to manipulate the pointer of a file?
0,"[R] I put your link, r-project.org, 	on my site under Lead Generation > Mailing Lists"
0,[R] if/else construct
0,[R] installing new packages
0,[R] LME: incompatible formulas for groups
0,[R] making a counter of consecitive positive cases in time series
0,[R] Method dispatch for print() in package its
0,[R] Nonparametric Effect size indices
0,[R] normality test for large sample sizes
0,"[R] NYC Area R / S / S-Plus Users Group Forming, Thursday, 	April 26th"
0,[R] pattern
0,[R] Problem saving xYplot graph to file
0,[R] problems in loading MASS
0,[R] Putting 2 breaks on Y axis
0,[R] Question on ridge regression with R
0,[R] R Source Code
0,[R] Random Sequence
0,[R] replicates in repeated ANOVA
0,[R] reporting multinomial logistic regression results
0,[R] Simulated annealing using optim()
0,[R] stacked histograms
0,[R] Subsetting list of vectors with list of (boolean) vectors?
0,[R] taskPR
0,[R] trouble getting b&w plots using trellis graphics
0,[R] Tweaking my plot of matrix as image
0,[R] Two basic data manipulation questions (counting and aggregating)
0,[R] using install.packages via proxy
0,[R] zoo merge() method
0,[sugar] Librsvg build failure (was Re: gabble segfaults and how to 	reproduce them)
0,[sugar] Write Activity.
0,[svn:perl6-synopsis] r14370 - doc/trunk/design/syn
0,[svn:perl6-synopsis] r14371 - doc/trunk/design/syn
0,[svn:perl6-synopsis] r14372 - doc/trunk/design/syn
0,Bandwidth Generated
0,Blast hits Iraqi parliament cafe
0,BUG 4063: strptime() for libreplace
0,Does =$*ARGS work?
0,Enum
0,How to set FTP module time out?
0,hwclock
0,interactive pugs fails in safe mode
0,Limiting Exported Symbols on GCC
0,Mails should not go in SPAM Box
0,Natural Gas Futures Up on Cold Weather Forecast
0,NetLocalGroupGetMembers
0,new server for ftp.cl.debian.org
0,next etch net-install cd
0,Possible Fix?
0,Rename desktop-base ? (Re: Debian GNU/Linux (kfreebsd anyone?) Lenny Desktop wishlist thread)
0,Rev 100: merge from ronnie in http://samba.org/~tridge/ctdb
0,Rev 101: merge from ronnie in http://samba.org/~tridge/ctdb
0,Rev 102: merge store_unlock code from ronnie in 	http://samba.org/~tridge/ctdb
0,Rev 103: private -> private_data for samba3 in 	http://samba.org/~tridge/ctdb
0,Rev 11830: Initial work on a 'member' test environment'. in 	file:///home/jelmer/bzr.samba/SAMBA_4_0/
0,Rev 11847: Improve the replace testsuite a bit. in 	file:///home/jelmer/bzr.samba/SAMBA_4_0/
0,Rev 5351: create a fake user token consisting of builtin 	administrators sid and in 	http://samba.sernet.de/ma/bzr/SAMBA_3_0-registry.bzr/
0,Rev 5352: refactoring: split lib/profiles.c into two parts. 	lib/profiles_basic.c in 	http://samba.sernet.de/ma/bzr/SAMBA_3_0-registry.bzr/
0,Rev 5353: forgot to check in privileges.h in 	http://samba.sernet.de/ma/bzr/SAMBA_3_0-registry.bzr/
0,Rev 5354: refactoring: Move initialization of regdb into a function 	of its in http://samba.sernet.de/ma/bzr/SAMBA_3_0-registry.bzr/
0,Rev 5355: Initial step towards activation of registry globals in 	loadparm.c in http://samba.sernet.de/ma/bzr/SAMBA_3_0-registry.bzr/
0,Rev 5356: merge from upstream in 	http://samba.sernet.de/ma/bzr/SAMBA_3_0-registry.bzr/
0,Setting hwclock --localtime fails
0,svn commit: samba r22185 - in branches/SAMBA_4_0: . 	source/script/tests
0,svn commit: samba r22186 - in 	branches/SAMBA_4_0/source/build/smb_build: .
0,svn commit: samba r22187 - in branches/SAMBA_4_0: 	source/auth/credentials source/script/tests testprogs/blackbox
0,svn commit: samba r22188 - in 	branches/SAMBA_4_0/source/torture/unix: .
0,svn commit: samba r22189 - in 	branches/SAMBA_4_0/source/torture/raw: .
0,svn commit: samba r22190 - in 	branches/SAMBA_4_0/source/torture/rpc: .
0,svn commit: samba r22191 - in branches/SAMBA_4_0/source: heimdal 	heimdal/kuser heimdal/lib/krb5 heimdal_build
0,svn commit: samba r22192 - in 	branches/SAMBA_4_0/source/torture/rpc: .
0,svn commit: samba r22193 - in 	branches/SAMBA_4_0/source/torture/rpc: .
0,svn commit: samba r22194 - in 	branches/SAMBA_4_0/source/torture/rpc: .
0,svn commit: samba r22195 - in 	branches/SAMBA_4_0/source/torture/rpc: .
0,svn commit: samba r22196 - in 	branches/SAMBA_4_0/source/dsdb/common: .
0,svn commit: samba r22197 - in 	branches/SAMBA_4_0/source/script/tests: .
0,svn commit: samba r22198 - in branches/SAMBA_4_0/source/torture: 	ndr unix
0,svn commit: samba r22199 - in 	branches/SAMBA_4_0/source/auth/gensec: .
0,svn commit: samba r22200 - in branches/SAMBA_4_0/source/ntvfs: .
0,svn commit: samba r22201 - in 	branches/SAMBA_4_0/source/torture/rpc: .
0,svn commit: samba r22202 - in branches/SAMBA_3_0/source/nsswitch: .
0,svn commit: samba r22203 - in branches/SAMBA_4_0: . 	source/lib/replace/test
0,svn commit: samba r22204 - in branches: SAMBA_3_0/source/nsswitch 	SAMBA_3_0_25/source/nsswitch
0,svn commit: samba r22205 - in branches/SAMBA_3_0/source/nsswitch: .
0,svn commit: samba r22206 - in branches/SAMBA_3_0/source/nsswitch: .
0,svn commit: samba r22207 - in branches/SAMBA_3_0/source/nsswitch: .
0,svn commit: samba r22208 - in 	branches/SAMBA_4_0/source/auth/gensec: .
0,svn commit: samba-docs r1097 - in trunk/manpages-3: .
0,TEST - PLEASE DISREGARD
0,Transmission Expansion in the West  May 21-22  Denver
0,Trouble installing Tree-Suffix-0.14
0,Uninstalling perl module
0,using <sp> space in character classes
0,What should file test operators return?
0,"Solar Power Finance and Investment Summit  May 9-11, 2007  San Diego"
0,Space Update
0,spoonerism: Dictionary.com Word of the Day
0,Stem cell stocks dive on Senate vote
0,World Bank president: 'I made a mistake'
0,  The Internet Patrol -  Tell Those Bad Drivers Off with This Effective Window Sign to Ease Your Road Rage!  The Drivem  ...
0,"""The Insider"" - News Bulletin"
0,"""The Insider"" - News Bulletin"
0,[cc-community] Fwd: [Libre-Discuss] Science of Identity cult agents 	attempt take-down of chriskcon.com based in spurious 	copyright law evocations
0,[cc-devel] SoC Congratulations!
0,"[Ip-health] ""Let Us Live and Let Them Die"" ISIS on Katz"
0,[Ip-health] Abbott's Against Thailand Blackmail Continues
0,[Ip-health] Datamonitor Report: AIDS Market To Grow
0,[Ip-health] German Court invalidates drug dosage patent
0,"[Ip-health] IP-Watch: Panellists Disagree About Future Of IP System, WIPO"
0,[Ip-health] James Love on Lieberman's letter opposing Thai CLs
0,[Ip-health] Maine state funded patents bill
0,[Ip-health] Novartis case_Statement of the Indian Ambassador at the European Parliament
0,"[Ip-health] Ottawa, April 19 -- public forum on IP and access to medicines"
0,[Ip-health] PIJIP Event: Medicines Provisions in AUSFTA and KORUSFTA 4/18
0,[Ip-health] PIJIP Event: Shamnad Basheer on India's Patent Law 4/19
0,[Slashdot] Headlines for 2007-04-13
0,[Slashdot] Stories for 2007-04-12
0,[Slashdot] Stories for 2007-04-13
0,=?iso-8859-1?Q?Today's_WeatherDirect_Forecast_for_Waterloo?=
0,=?iso-8859-1?Q?Today's_WeatherDirect_Forecast_for_Waterloo?=
0,=?iso-8859-1?Q?Today's_WeatherDirect_Forecast_for_Waterloo?=
0,=?iso-8859-1?Q?Today's_WeatherDirect_Forecast_for_Waterloo?=
0,=?iso-8859-1?Q?Today's_WeatherDirect_Forecast_for_Waterloo?=
0,AccuWeather.com Alert(tm) Advisory  (avcavc)
0,AccuWeather.com Alert(tm) Advisory  (avcavc)
0,AccuWeather.com Alert(tm) Advisory  (avcavc)
0,AccuWeather.com Alert(tm) Advisory  (avcavc)
0,AccuWeather.com Alert(tm) Advisory  (avcavc)
0,AccuWeather.com Alert(tm) Advisory  (avcavc)
0,AccuWeather.com Alert(tm) Advisory  (avcavc)
0,AccuWeather.com Alert(tm) Advisory  (avcavc)
0,AccuWeather.com Alert(tm) Forecast For User|AVCAVC
0,AccuWeather.com Alert(tm) Forecast For User|AVCAVC
0,AccuWeather.com Alert(tm) Forecast For User|AVCAVC
0,AccuWeather.com Alert(tm) Forecast For User|AVCAVC
0,AccuWeather.com Alert(tm) Forecast For User|AVCCVA
0,AccuWeather.com Alert(tm) Forecast For User|AVCCVA
0,AccuWeather.com Alert(tm) Forecast For User|AVCCVA
0,AccuWeather.com Alert(tm) Forecast For User|AVCCVA
0,AccuWeather.com Alert(tm) Forecast For User|AVCCVA
0,"American, jetBlue; $70 U.S. Airfares, More"
0,"April 13, 2007"
0,brio: Dictionary.com Word of the Day
0,Cabot Wealth Advisory 4/12/07 - The Clean Energy Bandwagon
0,Carbon Finance and Investment Summit May 21-23 2007  NY NY
0,CBS Evening News with Katie Couric E-Mail Alert
0,CBS Fires Don Imus
0,CBS SportsLine Daily Sports Report
0,CBS SportsLine Daily Sports Report
0,CBSNews.com News Alert! Bomb Rocks Iraqi Parliament Cafeteria
0,CBSNews.com News Alert! CBS Fires Imus
0,CBSNews.com News Alert! Rutgers Coach Accepts Imus Apology
0,Charles Osgood: The growing U.S. wealth gap
0,CNN Alerts: bush
0,CNN Alerts: bush
0,CNN Alerts: bush
0,CNN Alerts: bush
0,CNN Alerts: bush
0,CNN Alerts: bush
0,CNN Alerts: bush
0,CNN Alerts: bush
0,CNN Alerts: bush
0,CNN Alerts: bush
0,"CNN Alerts: bush, etc."
0,CNN Breaking News
0,CNN Breaking News
0,CNN Breaking News
0,"CNN Political Ticker AM, Friday, April 13, 2007"
0,"CNN Political Ticker AM, Thursday, April 12, 2007"
0,CNN.com Daily Top 10
0,Daily Power Report
0,Daily Power Report
0,"Energy Hedging & Trading/Realizing Maximum Value from Generation  May 8-11, 2007  Chicago"
0,FNC Alert
0,FNC Alert
0,FNC Alert
0,"FOXNews.com CEO NewsBrief - April 12, 2007"
0,Google Alert - bush
0,How to get Windows software at half-price [Newsletter Comp Version]
0,HowStuffWorks Computer & Electronics Newsletter
0,"HowStuffWorks Lifestyle Newsletter April 12, 2007"
0,IMUS AXED
0,Imus is out at CBS...we'll have all the late breaking details tonight on the CBS Evening News with Katie Couric. 
0,"In The News: Haley Scarnato, Marc Anthony, Aishwarya Rai"
0,"In The News: Pamela Anderson, Enrique Iglesias, Deirdre Coleman Imus"
0,In tonight's Newsnight and Newsnight Review
0,In tonight's programme
0,"In-Depth Introduction to Electricity Markets  June 25-26  Alexandria, VA"
0,"In-Depth Introduction to Electricity Markets  June 25-26  Alexandria, VA"
0,Infiltrating the Green Zone
0,Intro to Natural Gas/Natural Gas Transactions May 15-17  Dallas
0,Jeb Bush joins Tenet Healthcare board
0,msdfs and AD troubles
0,"MSN-list Digest, Vol 7, Issue 87"
0,"MSN-list Digest, Vol 7, Issue 88"
0,"New SEC Document(s) for Netflix, Inc."
0,New SEC Document(s) for ONEOK Inc.
0,Newly fired Imus meets with Rutgers players
0,News & Views | 04.11.07
0,News & Views| 04.12.07
0,News Summary
0,News Summary
0,News Summary
0,News Summary
0,News Summary
0,Novelist Kurt Vonnegut dies at 84
0,Optimizing Genco Assets in New ERCOT Nodal Market  May 9-10 San Antonio
0,PE Today: Hand-To-Hand Combat
0,Stock Notification for Napster
0,Stock Notification for Napster
0,"Stock Notification for Netflix, Inc."
0,"Stock Notification for Netflix, Inc."
0,Stock Notification for NTELOS Holdings Corp.
0,Stock Notification for NTELOS Holdings Corp.
0,Stock Notification for ONEOK Inc.
0,Stock Notification for ONEOK Inc.
0,Stock Notification for SatCon Technology Corporation
0,Stock Notification for SatCon Technology Corporation
0,Stock Quote Notification for Napster
0,"Stock Quote Notification for Netflix, Inc."
0,Stock Quote Notification for NTELOS Holdings Corp.
0,Stock Quote Notification for ONEOK Inc.
0,Stock Quote Notification for SatCon Technology Corporation
0,"The CNN Political Ticker PM, Thursday, April 12, 2007"
0,The Internet Patrol -  Hotmail Servers Down - Again
0,"The Skinny: Friday April 13, 2007"
0,"The Skinny: Thurs. April 12, 2007"
0,"This week's component news: $31,500 in prizes"
0,This Weekend on BBC Sport
0,TONIGHT ON SHOWBIZ TONIGHT- CNN HEADLINE PRIME 11pm ET/ 11pm PT
0,TONIGHT ON SHOWBIZ TONIGHT- CNN HEADLINE PRIME 11pm ET/11pm PT
0,Your daily e-mail from the BBC
0,Your daily e-mail from the BBC
0,"[Ip-health] ] Nathan, Aligning pharmaceutical innovation with medical need"
0,[Ip-health] 15th WHO EML out now.
0,[Ip-health] Anbumani Ramadoss threatens compulsory license for Glivec
0,"[Ip-health] GPhA press release: ""Lower Priced Drugs Act"" to Improve Patient Access  to Generic Medicines"
0,[Ip-health] New Scientist: Making Poor Nations Pay for Drugs
0,[Ip-health] REMINDER: Sign on to Abbott letter from clinicians and researchers
0,[Ip-health] Summer F/T Position- Universities Allied for Essential Medicines
0,[Ip-health] UC Berkeley & Columbia: Role of Universities & Access to Medicines
0,[KJ][PATCH]readdir.c-kzalloc
0,[LH] heard some kate
1,[perl #39063] [TODO] ResizableBooleanArray uses 64 bytes per bit of information 
1,[perl #39784] Make Parrot's default namespace be untyped 
1,[perl #39851] [BUG] .HLL doesn't reset the .namespace 
1,[perl #41894] segfault happens when invoking poll op 
1,[perl #42508] [CAGE] cleanup pmc null tests 
1,[perl #42509] [PATCH] Quiet some warnings under -ansi -pedantic 
1,[perl #42510] Move main() Out of compilers/imcc/main.c 
1,[perl #42533] [TODO] do not check PIR coda for languages/dotnet/src/builtins.pir 
1,[perl #42536] build error on Linux 2.6.9-023stab041.3-smp 
1,[perl #42547] [PATCH] fix segfault by implementing init() in Object.pmc 
1,[perl #42548] [PATCH] reversed logic in Object.can() 
0,[R]  factorial modeling of correlation matrices
0,[R]  priceIts and yahoo
0,[R] adjusting a power model in R
0,[R] collaboration
0,[R] correlation between multiple adjacency matrix graphs
0,[R] Does the smooth terms in GAM have a functional form?
0,[R] Export multiple data files as gpr-files
0,[R] Expression for pedices
0,[R] Fit sem model with intercept
0,"[R] Fit sem: problem of 'Error in solve.default(C[ind,  ind]) : Lapack routine dgesv: system is exactly singular.'"
0,[R] Hotelling T-Squared vs Two-Factor Anova
0,[R] How to find a uniroot of a deriv function
0,[R] How to lower the 'miniFactor' when using nls( ) function?
0,[R] indexing a subset dataframe
0,[R] labels cut partially on hist
0,[R] langage R
0,[R] mac ghostscript help
0,[R] Marginal Effects from GLM
0,[R] MySQL query and character set
0,[R] newbie rgl (3d interacting plotting) question
0,[R] nls.control( ) has no influence on nls( ) !
0,[R] Problem with predict in systemfit
0,[R] Question for install Rapache package.
0,[R] rimage and fftw header problem
0,[R] Scatterplot with row.names
0,[R] Scott&Knot test
0,[R] Simplify simple code
0,[R] software comparison
0,[R] Subject: useR! 2007 --- programming competition
0,"[R] unable to find inherited method for function ""edges"", 	for signature ""ugsh"", ""missing"""
0,[R] Unsubscription Confirmation
0,[R] Use estimated non-parametric model for sensitivity analysis
0,[R] Windows Vista issues
0,[Slashdot] Headlines for 2007-04-14
0,[Slashdot] Headlines for 2007-04-15
0,[Slashdot] Headlines for 2007-04-16
0,[Slashdot] Stories for 2007-04-14
0,[Slashdot] Stories for 2007-04-15
0,[Slashdot] Stories for 2007-04-16
0,"[sugar] Anyone in the Seattle, WA USA area with an XO?"
0,"[sugar] Cairo tile engine, 	and accessing 565 buffers from cairo and C"
0,[sugar] DBus .service files
0,[sugar] dbus-glib RPMs
0,[sugar] Dependency Handling in the Journal
0,[sugar] eBook software
0,[sugar] path + emulator
0,[sugar] Running from the source directory
0,[svn:parrot-pdd] r18212 - trunk/docs/pdds/draft
0,[svn:parrot-pdd] r18213 - trunk/docs/pdds
0,[svn:parrot-pdd] r18216 - in trunk: docs docs/pdds/draft lib/Parrot src src/jit/i386 src/jit/sun4 t/tools
0,[svn:perl6-synopsis] r14373 - doc/trunk/design/syn
0,[svn:perl6-synopsis] r14374 - doc/trunk/design/syn
0,=?iso-8859-1?Q?Today's_WeatherDirect_Forecast_for_Waterloo?=
0,=?iso-8859-1?Q?Today's_WeatherDirect_Forecast_for_Waterloo?=
0,=?iso-8859-1?Q?Today's_WeatherDirect_Forecast_for_Waterloo?=
0,=?iso-8859-1?Q?Today's_WeatherDirect_Forecast_for_Waterloo?=
0,=?iso-8859-1?Q?Today's_WeatherDirect_Forecast_for_Waterloo?=
0,=?iso-8859-1?Q?Today's_WeatherDirect_Forecast_for_Waterloo?=
0,=?iso-8859-1?Q?Today's_WeatherDirect_Forecast_for_Waterloo?=
0,=?iso-8859-1?Q?Today's_WeatherDirect_Forecast_for_Waterloo?=
0,=?utf-8?Q?New_TopCoder=C2=AE_Studio_contest_posted?=
0,48 Hours E-mail Alert
0,5 killed as heavy storms thunder eastward
0,60 Minutes E-mail Alert
0,A question about Timeout
0,accede: Dictionary.com Word of the Day
0,AccuWeather.com Alert(tm) Advisory  (avcavc)
0,AccuWeather.com Alert(tm) Advisory  (avcavc)
0,AccuWeather.com Alert(tm) Advisory  (avcavc)
0,AccuWeather.com Alert(tm) Advisory  (avcavc)
0,AccuWeather.com Alert(tm) Advisory  (avcavc)
0,AccuWeather.com Alert(tm) Advisory  (avcavc)
0,AccuWeather.com Alert(tm) Forecast For User|AVCAVC
0,AccuWeather.com Alert(tm) Forecast For User|AVCAVC
0,AccuWeather.com Alert(tm) Forecast For User|AVCAVC
0,AccuWeather.com Alert(tm) Forecast For User|AVCAVC
0,AccuWeather.com Alert(tm) Forecast For User|AVCAVC
0,AccuWeather.com Alert(tm) Forecast For User|AVCAVC
0,AccuWeather.com Alert(tm) Forecast For User|AVCAVC
0,AccuWeather.com Alert(tm) Forecast For User|AVCAVC
0,AccuWeather.com Alert(tm) Forecast For User|AVCCVA
0,AccuWeather.com Alert(tm) Forecast For User|AVCCVA
0,AccuWeather.com Alert(tm) Forecast For User|AVCCVA
0,AccuWeather.com Alert(tm) Forecast For User|AVCCVA
0,AccuWeather.com Alert(tm) Forecast For User|AVCCVA
0,AccuWeather.com Alert(tm) Forecast For User|AVCCVA
0,AccuWeather.com Alert(tm) Forecast For User|AVCCVA
0,"April 16, 2007"
0,BSD & MIT licenses compatible?
0,Build status as of Mon Apr 16 00:00:02 2007
0,Build status as of Sat Apr 14 00:00:02 2007
0,Build status as of Sun Apr 15 00:00:02 2007
0,"Cabot Wealth Advisory 4/14/07  -  Easy To Begin, Impossible To Finish"
0,cavort: Dictionary.com Word of the Day
0,CBS Evening News with Katie Couric E-Mail Alert
0,CBS SportsLine Daily Sports Report
0,CBS SportsLine Daily Sports Report
0,CBS SportsLine Daily Sports Report
0,CGI.pm renaming (was Re: CGI Session management (was Re: the CGI.pm  in Perl 6))
0,"cifs vs. nfs ""chattiness"""
0,Claims of Responsibility
0,CNN Alerts: bush
0,CNN Alerts: bush
0,CNN Alerts: bush
0,CNN Alerts: bush
0,CNN Alerts: bush
0,CNN Alerts: bush
0,CNN Alerts: bush
0,CNN Alerts: My Custom Alert
0,CNN.com Daily Top 10
0,Coming Up on a Special Edition of Reliable Sources
0,Configure.pl:  Question about block calling arrot::Configure::runstep()
0,confusing perl module path
0,congratulations to all Debian  contributors
0,ctdb shortcut locking
0,Dealing with Federal Inaction on Illegal Immigration
0,Debian 4.0 Speakup iso is up
0,DECTalk Express driver
0,encoding string
0,Executing Perl 6 code using PIR backend
0,File test operators as Pairs
0,FNC Alert
0,FNC Alert
0,"FOXNews.com CEO NewsBrief - April 13, 2007"
0,Fun Stats from sloccount
0,Google Alert - bush
0,Google Alert - bush
0,Google Alert - bush
0,How to insert an array in to the middle of another array after a certain pattern
0,http://www.samba.sernet.de/vl/bzr/3_0-ctdb/
0,Imus & Rutgers Women: Face to Face
0,Information for Napster
0,"Information for Netflix, Inc."
0,Information for NTELOS Holdings Corp.
0,Information for SatCon Technology Corporation
0,Jigdo-* fields useless ?
0,just one more test
0,"Market, bridge bombings kill dozens in Iraq"
0,mol
0,"MSN-list Digest, Vol 7, Issue 89"
0,"MSN-list Digest, Vol 7, Issue 90"
0,"MSN-list Digest, Vol 7, Issue 91"
0,New SEC Document(s) for ONEOK Inc.
0,News & Views | 04.13.07
0,News Summary
0,News Summary
0,News Summary
0,Nor'easter pounds New York and East Coast
0,odd messages I get in fedora core 6 and subgestion for installation 	how to
0,One week only: 20% off Lavender
0,ot: ubuntu development
0,Paulson: Economy to grow this year
0,PDD15 implementation status
0,PE Today: Soldiers Vs. Imus
0,"Power Trading Master Agreements  June 14 2007 Chicago;  July 20, Houston"
0,Problem using $1 in substitution command
0,Re: [cc-community] Does BY-SA extend to a newspaper?
0,Re: [cc-devel] My SoC project was accepted!
0,Re: [cc-devel] SoC Congratulations!
1,Re: [perl #38887]  Result of INFINITY or NAN stringification is platform dependent
1,Re: [perl #41894] segfault happens when invoking poll op
1,Re: [perl #41894] segfault happens when invoking poll op
1,Re: [perl #41894] segfault happens when invoking poll op
1,Re: [perl #41894] segfault happens when invoking poll op
1,Re: [perl #42430] [PATCH] make :vtable imply :method
1,Re: [perl #42430] [PATCH] make :vtable imply :method
1,Re: [perl #42509] [PATCH] Quiet some warnings under -ansi -pedantic
1,Re: [perl #42509] [PATCH] Quiet some warnings under -ansi -pedantic
1,Re: [perl #42509] [PATCH] Quiet some warnings under -ansi -pedantic
1,Re: [perl #42509] [PATCH] Quiet some warnings under -ansi -pedantic
1,Re: [perl #42510] Move main() Out of compilers/imcc/main.c
1,Re: [perl #42547] [PATCH] fix segfault by implementing init() in  Object.pmc
0,Re: [R] apply problem
0,Re: [R] apply problem
0,Re: [R] Does the smooth terms in GAM have a functional form?
0,Re: [R] Expression for pedices
0,Re: [R] Fit sem model with intercept
0,Re: [R] Fit sem model with intercept
0,"Re: [R] Fit sem: problem of 'Error in solve.default(C[ind, 	ind]) : Lapack routine dgesv: system is exactly singular.'"
0,Re: [R] Fractals with R
0,Re: [R] Hotelling T-Squared vs Two-Factor Anova
0,Re: [R] Hotelling T-Squared vs Two-Factor Anova
0,Re: [R] How to find a uniroot of a deriv function
0,Re: [R] indexing a subset dataframe
0,Re: [R] indexing a subset dataframe
0,Re: [R] installing new packages
0,Re: [R] labels cut partially on hist
0,Re: [R] labels cut partially on hist
0,Re: [R] labels cut partially on hist
0,Re: [R] mac ghostscript help
0,Re: [R] MySQL query and character set
0,Re: [R] MySQL query and character set
0,Re: [R] nls.control( ) has no influence on nls( ) !
0,Re: [R] nls.control( ) has no influence on nls( ) !
0,Re: [R] Question for install Rapache package.
0,Re: [R] read.spss (package foreign) and SPSS 15.0 files
0,Re: [R] read.spss (package foreign) and SPSS 15.0 files
0,Re: [R] read.spss (package foreign) and SPSS 15.0 files
0,Re: [R] read.spss (package foreign) and SPSS 15.0 files
0,Re: [R] Reasons to Use R (no memory limitations :-))
0,Re: [R] Reasons to Use R (no memory limitations :-))
0,Re: [R] Relative GCV - poisson and negbin GAMs (mgcv)
0,Re: [R] Repeated Measures design using lme
0,Re: [R] replicates in repeated ANOVA
0,Re: [R] replicates in repeated ANOVA
0,Re: [R] sas.get problem : the saga continues.
0,Re: [R] sas.get problem : the saga continues.
0,Re: [R] sas.get problem : the saga continues.
0,Re: [R] sas.get problem : the saga continues.
0,Re: [R] sas.get problem : the saga continues.
0,Re: [R] Scatterplot with row.names
0,Re: [R] Simplify simple code
0,Re: [R] Simulated annealing using optim()
0,Re: [R] stacked histograms
0,"Re: [R] unable to find inherited method for function ""edges"", 	for signature ""ugsh"", ""missing"""
0,Re: [R] Windows Vista issues
0,Re: [R] Windows Vista issues
0,Re: [R] Windows Vista issues
0,Re: [S03] Negation metaoperator
0,Re: [Samba] Re: Win32 services management?
0,Re: [Samba] Re: Win32 services management?
0,"Re: [sugar] Cairo tile engine,  and accessing 565 buffers from	cairo and C"
0,"Re: [sugar] Cairo tile engine, 	and accessing 565 buffers from	cairo and C"
0,Re: [sugar] DBus .service files
0,Re: [sugar] DBus .service files
0,Re: [sugar] DBus .service files
0,Re: [sugar] DBus .service files
0,Re: [sugar] Dependency Handling in the Journal
0,Re: [sugar] Dependency Handling in the Journal
0,Re: [sugar] eBook software
0,Re: [sugar] eBook software
0,Re: [sugar] eBook software
0,Re: [sugar] eBook software
0,Re: [sugar] eBook software
0,Re: [sugar] path + emulator
0,Re: [sugar] path + emulator
0,Re: [sugar] Write Activity.
0,Re: Bandwidth Generated
0,Re: Bandwidth Generated
0,Re: BSD & MIT licenses compatible?
0,Re: BSD & MIT licenses compatible?
0,Re: BSD & MIT licenses compatible?
0,Re: BSD & MIT licenses compatible?
0,Re: BSD & MIT licenses compatible?
0,Re: BSD & MIT licenses compatible?
0,Re: BSD & MIT licenses compatible?
0,Re: BSD & MIT licenses compatible?
0,Re: BSD & MIT licenses compatible?
0,Re: BUG 4063: strptime() for libreplace
0,Re: Can mysql-nonfree be resurrected?
0,Re: CGI.pm renaming (was Re: CGI Session management (was Re: the  CGI.pm in Perl 6))
0,Re: CGI.pm renaming (was Re: CGI Session management (was Re: the  CGI.pm in Perl 6))
0,Re: CGI.pm renaming (was Re: CGI Session management (was Re: the  CGI.pm in Perl 6))
0,Re: CGI.pm renaming (was Re: CGI Session management (was Re: the CGI.pm in Perl 6))
0,"Re: cifs vs. nfs ""chattiness"""
0,"Re: cifs vs. nfs ""chattiness"""
0,Re: Configure.pl:  Question about block calling  arrot::Configure::runstep()
0,Re: Configure.pl:  Question about block calling arrot::Configure::runstep()
0,Re: confusing perl module path
0,Re: confusing perl module path
0,Re: congratulations to all Debian  contributors
0,Re: congratulations to all Debian  contributors
0,Re: congratulations to all Debian  contributors
0,Re: congratulations to all Debian contributors
0,Re: console apps for playing swf
0,Re: console apps for playing swf
0,Re: ctdb shortcut locking
0,Re: ctdb shortcut locking
0,Re: ctdb shortcut locking
0,Re: ctdb shortcut locking
0,Re: Debian GNU/Linux (kfreebsd anyone?) Lenny Desktop wishlist 	thread
0,Re: Debian GNU/Linux (kfreebsd anyone?) Lenny Desktop wishlist thread
0,Re: Debian GNU/Linux (kfreebsd anyone?) Lenny Desktop wishlist thread
0,Re: Debian GNU/Linux (kfreebsd anyone?) Lenny Desktop wishlist thread
0,Re: Debian GNU/Linux (kfreebsd anyone?) Lenny Desktop wishlist thread
0,Re: Debian GNU/Linux (kfreebsd anyone?) Lenny Desktop wishlist thread
0,Re: Debian GNU/Linux (kfreebsd anyone?) Lenny Desktop wishlist thread
0,Re: Debian GNU/Linux (kfreebsd anyone?) Lenny Desktop wishlist	thread
0,Re: DECTalk Express driver
0,Re: DECTalk Express driver
0,Re: DECTalk Express driver
0,Re: encoding string
0,Re: Enum
0,Re: Enum
0,Re: Executing Perl 6 code using PIR backend
0,Re: File test operators as Pairs
0,Re: File test operators as Pairs
0,Re: File test operators as Pairs
0,Re: File test operators as Pairs
0,Re: Fun Stats from sloccount
0,Re: How to insert an array in to the middle of another array after  a certain pattern
0,Re: http://www.samba.sernet.de/vl/bzr/3_0-ctdb/
0,Re: inappropriate use of Debian Official Use Logo (Re: Hinner EDV: 	Correct Logo Usage?)
0,Re: Jigdo-* fields useless ?
0,Re: Limiting Exported Symbols on GCC
0,Re: Logo trademark license vs. copyright license
0,Re: Logo trademark license vs. copyright license
0,Re: Logo trademark license vs. copyright license
0,Re: Logo trademark license vs. copyright license
0,Re: Logo trademark license vs. copyright license
0,Re: Logo trademark license vs. copyright license
0,Re: Logo trademark license vs. copyright license
0,Re: Logo trademark license vs. copyright license
0,Re: Logo trademark license vs. copyright license
0,Re: Logo trademark license vs. copyright license
0,Re: Logo trademark license vs. copyright license
0,Re: Logo trademark license vs. copyright license
0,Re: Logo trademark license vs. copyright license
0,Re: Logo trademark license vs. copyright license
0,Re: modifying classes after they're instantiated
0,Re: mol
0,Re: msdfs and AD troubles
0,Re: msdfs and AD troubles
0,Re: msdfs and AD troubles
0,Re: next etch net-install cd
0,Re: OT:  mutt question
0,Re: PDD15 implementation status
0,Re: PDD15 implementation status
0,Re: PDD15 implementation status
0,Re: PDD15 implementation status
0,re: Re: Using a Regex object
0,Re: Redistribution with multiple licenses
0,Re: Redistribution with multiple licenses
0,Re: Redistribution with multiple licenses
0,Re: Redistribution with multiple licenses
0,Re: Redistribution with multiple licenses
0,Re: Redistribution with multiple licenses
0,Re: Regexp: s/<at($pos)>/$str/ should replace or add?
0,Re: Regexp: s/<at($pos)>/$str/ should replace or add?
0,Re: Removing lines
0,Re: Removing lines
0,Re: Removing lines
0,Re: Rename desktop-base ?
0,Re: Rename desktop-base ?
0,Re: Request for GR: clarifying the license text licensing / freeness issue
0,Re: Request for GR: clarifying the license text licensing/freeness issue
0,Re: Request for help in checking GPL-compatibility
0,Re: Request for help in checking GPL-compatibility
0,Re: Should a dirhandle be a filehandle-like iterator?
0,Re: Should a dirhandle be a filehandle-like iterator?
0,Re: Should a dirhandle be a filehandle-like iterator?
0,Re: Should a dirhandle be a filehandle-like iterator?
0,Re: Should a dirhandle be a filehandle-like iterator?
0,Re: Should a dirhandle be a filehandle-like iterator?
0,Re: Should a dirhandle be a filehandle-like iterator?
0,Re: Should a dirhandle be a filehandle-like iterator?
0,Re: Should a dirhandle be a filehandle-like iterator?
0,Re: Should a dirhandle be a filehandle-like iterator?
0,Re: Should a dirhandle be a filehandle-like iterator?
0,Re: Soundcard works for one account but not others
0,Re: Soundcard works for one account but not others
0,Re: Soundcard works for one account but not others
0,Re: Soundcard works for one account but not others
0,Re: svn commit: samba r22202 - in 	branches/SAMBA_3_0/source/nsswitch: .
0,Re: svn commit: samba r22212 - in branches: 	SAMBA_3_0/source/libsmb SAMBA_3_0_25/source/libsmb
0,Re: svn commit: samba r22214 - in 	branches/SAMBA_3_0/source/nsswitch: .
0,Re: Thinkpad Saga Continues
0,Re: Thinkpad Saga Continues
0,Re: Thinkpad Saga Continues
0,Re: Uninstalling perl module
0,Re: Uninstalling perl module
0,Re: Uninstalling perl module
0,Re: Uninstalling perl module
0,Re: Uninstalling perl module
0,Re: Uninstalling perl module
0,Re: Uninstalling perl module
0,Re: Uninstalling perl module
0,Re: Uninstalling perl module
0,Re: VmWare
0,Re: VmWare
0,Re: VmWare
0,Re: VmWare
0,Re: VmWare
0,Re: VmWare
0,Re: VmWare
0,Re: What should file test operators return?
0,Re: What should file test operators return?
0,Re: What should file test operators return?
0,RE: wine and speakup
0,Re: wine and speakup
0,Re: wine and speakup
0,Re: wine and speakup
0,Re: wine and speakup
0,refractory: Dictionary.com Word of the Day
0,Regexp: s/<at($pos)>/$str/ should replace or add?
0,Removing lines
0,Removing lines
0,Request for GR: clarifying the license text licensing / freeness issue
0,Request for help in checking GPL-compatibility
0,Rev 104: merge from ronnie in http://samba.org/~tridge/ctdb
0,Rev 105: merge from ronnie in http://samba.org/~tridge/ctdb
0,"Rev 106: added --dblist option to ctdbd, 	to allow list of databases to be specified on the command line in 	http://samba.org/~tridge/ctdb"
0,Rev 107: - fix includes to work in both samba4 and ctdb standalone 	in http://samba.org/~tridge/ctdb
0,Rev 108: merge CTDB_SRVID_ALL patch from Samba4 in 	http://samba.org/~tridge/ctdb
0,Rev 109: pull out common command line code for tests into 	tests/cmdline.c in http://samba.org/~tridge/ctdb
0,Rev 110: merged from samba4 in http://samba.org/~tridge/ctdb
0,Rev 111: this is a demonstration of an idea for handling locks in 	ctdb. in http://samba.org/~tridge/ctdb
0,Rev 5357: add some comments in 	http://samba.sernet.de/ma/bzr/SAMBA_3_0-registry.bzr/
0,"Rev 5358: fix segfault due to missing ""static"" - thanks Volker! in 	http://samba.sernet.de/ma/bzr/SAMBA_3_0-registry.bzr/"
0,Rev 5359: remove unneeded declaration of global variable (code 	using it moved to in 	http://samba.sernet.de/ma/bzr/SAMBA_3_0-registry.bzr/
0,Rev 5360: correct one indentation in 	http://samba.sernet.de/ma/bzr/SAMBA_3_0-registry.bzr/
0,"Rev 5361: Make ""include = registry"" effective (only in global 	section): in http://samba.sernet.de/ma/bzr/SAMBA_3_0-registry.bzr/"
0,Rev 5362: update todos in 	http://samba.sernet.de/ma/bzr/SAMBA_3_0-registry.bzr/
0,Rev 5363: merge from upstream in 	http://samba.sernet.de/ma/bzr/SAMBA_3_0-registry.bzr/
0,Should a dirhandle be a filehandle-like iterator?
0,Silver Birch wins Grand National
0,Soundcard works for one account but not others
0,speakup modified etch install
0,Special Prices Ending Soon
0,Stock Quote Notification for Napster
0,"Stock Quote Notification for Netflix, Inc."
0,Stock Quote Notification for NTELOS Holdings Corp.
0,Stock Quote Notification for ONEOK Inc.
0,Stock Quote Notification for SatCon Technology Corporation
0,svn commit: samba r22209 - in branches: SAMBA_3_0/source/nsswitch 	SAMBA_3_0_25/source/nsswitch
0,svn commit: samba r22210 - in branches: SAMBA_3_0/source/nsswitch 	SAMBA_3_0_25/source/nsswitch
0,svn commit: samba r22211 - in branches: SAMBA_3_0/source/nsswitch 	SAMBA_3_0_25/source/nsswitch
0,svn commit: samba r22212 - in branches: SAMBA_3_0/source/libsmb 	SAMBA_3_0_25/source/libsmb
0,svn commit: samba r22213 - in branches/SAMBA_3_0/source: lib smbd
0,svn commit: samba r22214 - in branches/SAMBA_3_0/source/nsswitch: .
0,svn commit: samba r22215 - in 	branches/SAMBA_4_0/source/lib/replace: . test
0,svn commit: samba r22216 - in branches/SAMBA_4_0/source: 	lib/replace lib/replace/test torture/local
0,svn commit: samba r22217 - in 	branches/SAMBA_4_0/source/lib/replace/system: .
0,svn commit: samba r22218 - in 	branches/SAMBA_4_0/source/lib/replace: .
0,svn commit: samba r22219 - in 	branches/SAMBA_3_0_25/source/lib/replace: .
0,svn commit: samba r22220 - in branches/SAMBA_3_0_25/source: . 	lib/replace lib/replace/system lib/replace/test
0,svn commit: samba r22221 - in branches/SAMBA_3_0/source: . 	lib/replace lib/replace/system lib/replace/test
0,svn commit: samba r22222 - in branches/SAMBA_4_0: .
0,svn commit: samba r22223 - in 	branches/SAMBA_4_0/source/lib/replace/test: .
0,svn commit: samba r22224 - in 	branches/SAMBA_3_0/source/lib/replace/test: .
0,svn commit: samba r22225 - in 	branches/SAMBA_3_0_25/source/lib/replace/test: .
0,svn commit: samba r22226 - in branches/SAMBA_4_0/source/lib: 	ldb/include replace util
0,svn commit: samba r22227 - in 	branches/SAMBA_3_0/source/lib/replace: .
0,svn commit: samba r22228 - in 	branches/SAMBA_3_0_25/source/lib/replace: .
0,svn commit: samba r22229 - in 	branches/SAMBA_3_0/source/lib/ldb/include: .
0,svn commit: samba r22230 - in branches: SAMBA_3_0/source/nsswitch 	SAMBA_3_0_25/source/nsswitch
0,svn commit: samba r22231 - in 	branches/SAMBA_4_0/source/cluster/ctdb: . common direct ib 	include tcp tests
0,svn commit: samba r22232 - in 	branches/SAMBA_4_0/source/cluster/ctdb: . common include
0,svn commit: samba r22233 - in 	branches/SAMBA_4_0/source/script/tests: .
0,svn commit: samba r22234 - in 	branches/SAMBA_4_0/source/cluster/ctdb: . tests
0,svn commit: samba r22235 - in branches/SAMBA_4_0: 	source/script/tests testprogs/blackbox
0,svn commit: samba r22236 - in branches/SAMBA_4_0/source: 	heimdal_build lib/socket_wrapper
0,svn commit: samba r22237 - in 	branches/SAMBA_4_0/source/cluster/ctdb: .
0,svn commit: samba r22238 - in 	branches/SAMBA_4_0/source/heimdal_build: .
0,svn commit: samba r22239 - in 	branches/SAMBA_4_0/source/lib/replace/test: .
0,svn commit: samba r22240 - in 	branches/SAMBA_3_0/source/lib/replace/test: .
0,svn commit: samba r22241 - in 	branches/SAMBA_3_0_25/source/lib/replace/test: .
0,svn commit: samba r22242 - in branches/SAMBA_4_0/source/smbd: .
0,svn commit: samba r22243 - in 	branches/SAMBA_4_0/source/lib/replace/test: .
0,svn commit: samba r22244 - in 	branches/SAMBA_3_0/source/lib/replace/test: .
0,svn commit: samba r22245 - in 	branches/SAMBA_3_0_25/source/lib/replace/test: .
0,svn commit: samba r22246 - in 	branches/SAMBA_4_0/source/lib/replace/test: .
0,svn commit: samba r22247 - in 	branches/SAMBA_3_0/source/lib/replace/test: .
0,svn commit: samba r22248 - in 	branches/SAMBA_3_0_25/source/lib/replace/test: .
0,svn commit: samba r22249 - in branches/SAMBA_3_0/source: . lib
0,svn commit: samba r22250 - in 	branches/SAMBA_4_0/source/lib/replace: .
0,svn commit: samba r22251 - in 	branches/SAMBA_3_0_25/source/lib/replace: .
0,svn commit: samba r22252 - in 	branches/SAMBA_3_0/source/lib/replace: .
0,svn commit: samba r22253 - in 	branches/SAMBA_4_0/source/lib/replace/test: .
0,svn commit: samba r22254 - in 	branches/SAMBA_3_0/source/lib/replace/test: .
0,svn commit: samba r22255 - in 	branches/SAMBA_3_0_25/source/lib/replace/test: .
0,svn commit: samba-docs r1098 - in trunk: manpages-3 smbdotconf/base 	smbdotconf/ldap smbdotconf/locking smbdotconf/logon 	smbdotconf/misc smbdotconf/security smbdotconf/winbind
0,TCO Round 2
0,test please ignore
0,"The CNN Political Ticker PM, Friday, April 13, 2007"
0,This Week in Health
0,Tracy Smith: Love Is On The Air
0,try this
0,Two die in UK helicopter crashes
0,ubuntu live CD and software speech
0,Valerie Bertinellis Fight to Lose Weight
0,VmWare
1,WARNING - Linux and ThinkVantage's Rescue & Recovery
0,Weekend Edition | 4.14-4.15
0,We'll have Jackie Robinson's reflections on race and dignity from his unlikely pen pal...tonight on the CBS Evening News with Katie Couric.
0,William splits from girlfriend
0,wine and speakup
0,Your daily e-mail from the BBC
0,Your daily e-mail from the BBC
